"Município";"Óbitos p/Residênc"
"110001 Alta Floresta D'Oeste";5
"110037 Alto Alegre dos Parecis";1
"110040 Alto Paraíso";2
"110034 Alvorada D'Oeste";5
"110002 Ariquemes";27
"110045 Buritis";5
"110003 Cabixi";1
"110060 Cacaulândia";1
"110004 Cacoal";9
"110070 Campo Novo de Rondônia";2
"110080 Candeias do Jamari";10
"110005 Cerejeiras";6
"110092 Chupinguaia";1
"110006 Colorado do Oeste";3
"110007 Corumbiara";1
"110008 Costa Marques";1
"110094 Cujubim";7
"110009 Espigão D'Oeste";7
"110100 Governador Jorge Teixeira";1
"110010 Guajará-Mirim";3
"110110 Itapuã do Oeste";1
"110011 Jaru";15
"110012 Ji-Paraná";27
"110013 Machadinho D'Oeste";5
"110130 Mirante da Serra";2
"110140 Monte Negro";11
"110014 Nova Brasilândia D'Oeste";2
"110033 Nova Mamoré";3
"110143 Nova União";3
"110050 Novo Horizonte do Oeste";1
"110015 Ouro Preto do Oeste";9
"110145 Parecis";2
"110018 Pimenta Bueno";8
"110020 Porto Velho";168
"110025 Presidente Médici";6
"110147 Primavera de Rondônia";1
"110026 Rio Crespo";3
"110028 Rolim de Moura";14
"110029 Santa Luzia D'Oeste";3
"110148 São Felipe D'Oeste";1
"110149 São Francisco do Guaporé";1
"110032 São Miguel do Guaporé";5
"110150 Seringueiras";2
"110155 Teixeirópolis";2
"110160 Theobroma";4
"110170 Urupá";3
"110175 Vale do Anari";4
"110180 Vale do Paraíso";4
"110030 Vilhena";40
"110000 Município ignorado - RO";8
"120001 Acrelândia";1
"120010 Brasiléia";11
"120013 Bujari";8
"120017 Capixaba";2
"120020 Cruzeiro do Sul";17
"120025 Epitaciolândia";6
"120030 Feijó";14
"120033 Mâncio Lima";4
"120034 Manoel Urbano";5
"120038 Plácido de Castro";4
"120080 Porto Acre";9
"120039 Porto Walter";1
"120040 Rio Branco";178
"120042 Rodrigues Alves";3
"120043 Santa Rosa do Purus";1
"120050 Sena Madureira";8
"120045 Senador Guiomard";4
"120060 Tarauacá";14
"120070 Xapuri";5
"120000 Município ignorado - AC";9
"130002 Alvarães";1
"130008 Anamã";1
"130010 Anori";1
"130014 Apuí";8
"130020 Atalaia do Norte";1
"130030 Autazes";10
"130040 Barcelos";5
"130050 Barreirinha";5
"130060 Benjamin Constant";11
"130063 Beruri";3
"130068 Boa Vista do Ramos";6
"130070 Boca do Acre";13
"130080 Borba";9
"130083 Caapiranga";1
"130090 Canutama";2
"130100 Carauari";5
"130110 Careiro";7
"130115 Careiro da Várzea";5
"130120 Coari";67
"130130 Codajás";3
"130140 Eirunepé";13
"130150 Envira";7
"130160 Fonte Boa";9
"130165 Guajará";1
"130170 Humaitá";16
"130180 Ipixuna";1
"130185 Iranduba";11
"130190 Itacoatiara";28
"130195 Itamarati";2
"130200 Itapiranga";1
"130220 Juruá";2
"130230 Jutaí";4
"130240 Lábrea";16
"130250 Manacapuru";19
"130255 Manaquiri";1
"130260 Manaus";815
"130270 Manicoré";7
"130280 Maraã";2
"130290 Maués";21
"130310 Nova Olinda do Norte";14
"130320 Novo Airão";2
"130330 Novo Aripuanã";5
"130340 Parintins";16
"130350 Pauini";8
"130353 Presidente Figueiredo";16
"130356 Rio Preto da Eva";7
"130360 Santa Isabel do Rio Negro";3
"130380 São Gabriel da Cachoeira";13
"130390 São Paulo de Olivença";2
"130406 Tabatinga";64
"130410 Tapauá";5
"130420 Tefé";19
"130423 Tonantins";1
"130426 Uarini";2
"130430 Urucará";3
"130440 Urucurituba";1
"130000 Município ignorado - AM";5
"140005 Alto Alegre";22
"140002 Amajari";5
"140010 Boa Vista";151
"140015 Bonfim";4
"140017 Cantá";11
"140020 Caracaraí";20
"140023 Caroebe";3
"140028 Iracema";5
"140030 Mucajaí";4
"140040 Normandia";1
"140045 Pacaraima";4
"140047 Rorainópolis";3
"140050 São João da Baliza";1
"140060 São Luiz";1
"140070 Uiramutã";1
"150010 Abaetetuba";36
"150013 Abel Figueiredo";4
"150020 Acará";29
"150030 Afuá";7
"150034 Água Azul do Norte";6
"150040 Alenquer";3
"150050 Almeirim";11
"150060 Altamira";68
"150070 Anajás";3
"150080 Ananindeua";141
"150085 Anapu";25
"150090 Augusto Corrêa";4
"150095 Aurora do Pará";14
"150100 Aveiro";3
"150110 Bagre";6
"150120 Baião";9
"150125 Bannach";3
"150130 Barcarena";58
"150140 Belém";419
"150145 Belterra";3
"150150 Benevides";17
"150157 Bom Jesus do Tocantins";5
"150160 Bonito";2
"150170 Bragança";32
"150172 Brasil Novo";9
"150175 Brejo Grande do Araguaia";1
"150178 Breu Branco";15
"150180 Breves";21
"150190 Bujaru";17
"150200 Cachoeira do Arari";3
"150195 Cachoeira do Piriá";4
"150210 Cametá";23
"150215 Canaã dos Carajás";28
"150220 Capanema";28
"150230 Capitão Poço";30
"150240 Castanhal";75
"150260 Colares";4
"150270 Conceição do Araguaia";9
"150275 Concórdia do Pará";13
"150276 Cumaru do Norte";7
"150277 Curionópolis";12
"150280 Curralinho";3
"150290 Curuçá";20
"150293 Dom Eliseu";18
"150295 Eldorado do Carajás";14
"150304 Floresta do Araguaia";30
"150307 Garrafão do Norte";4
"150309 Goianésia do Pará";13
"150310 Gurupá";2
"150320 Igarapé-Açu";11
"150330 Igarapé-Miri";16
"150340 Inhangapi";4
"150345 Ipixuna do Pará";20
"150350 Irituia";2
"150360 Itaituba";51
"150370 Itupiranga";22
"150375 Jacareacanga";13
"150380 Jacundá";21
"150390 Juruti";3
"150405 Mãe do Rio";29
"150410 Magalhães Barata";1
"150420 Marabá";112
"150430 Maracanã";2
"150440 Marapanim";6
"150442 Marituba";49
"150445 Medicilândia";12
"150450 Melgaço";3
"150460 Mocajuba";20
"150470 Moju";32
"150475 Mojuí dos Campos";3
"150480 Monte Alegre";7
"150490 Muaná";1
"150495 Nova Esperança do Piriá";11
"150500 Nova Timboteua";5
"150503 Novo Progresso";24
"150506 Novo Repartimento";27
"150510 Óbidos";9
"150520 Oeiras do Pará";3
"150530 Oriximiná";14
"150540 Ourém";10
"150543 Ourilândia do Norte";24
"150548 Pacajá";24
"150549 Palestina do Pará";5
"150550 Paragominas";63
"150553 Parauapebas";100
"150555 Pau D'Arco";1
"150560 Peixe-Boi";2
"150563 Piçarra";2
"150565 Placas";3
"150570 Ponta de Pedras";1
"150580 Portel";21
"150590 Porto de Moz";4
"150600 Prainha";1
"150610 Primavera";5
"150611 Quatipuru";8
"150613 Redenção";54
"150616 Rio Maria";6
"150618 Rondon do Pará";20
"150619 Rurópolis";2
"150620 Salinópolis";20
"150630 Salvaterra";5
"150635 Santa Bárbara do Pará";11
"150640 Santa Cruz do Arari";2
"150650 Santa Izabel do Pará";21
"150655 Santa Luzia do Pará";5
"150658 Santa Maria das Barreiras";9
"150660 Santa Maria do Pará";4
"150670 Santana do Araguaia";19
"150680 Santarém";50
"150690 Santarém Novo";3
"150700 Santo Antônio do Tauá";7
"150710 São Caetano de Odivelas";1
"150715 São Domingos do Araguaia";7
"150720 São Domingos do Capim";10
"150730 São Félix do Xingu";43
"150740 São Francisco do Pará";8
"150745 São Geraldo do Araguaia";8
"150746 São João da Ponta";1
"150747 São João de Pirabas";9
"150750 São João do Araguaia";3
"150760 São Miguel do Guamá";19
"150770 São Sebastião da Boa Vista";4
"150775 Sapucaia";2
"150780 Senador José Porfírio";7
"150790 Soure";9
"150795 Tailândia";48
"150796 Terra Alta";4
"150797 Terra Santa";1
"150800 Tomé-Açu";46
"150803 Tracuateua";11
"150805 Trairão";6
"150808 Tucumã";15
"150810 Tucuruí";42
"150812 Ulianópolis";9
"150815 Uruará";22
"150820 Vigia";25
"150830 Viseu";6
"150835 Vitória do Xingu";5
"150840 Xinguara";17
"150000 Município ignorado - PA";29
"160010 Amapá";3
"160020 Calçoene";2
"160021 Cutias";1
"160023 Ferreira Gomes";3
"160025 Itaubal";1
"160027 Laranjal do Jari";18
"160030 Macapá";212
"160040 Mazagão";2
"160050 Oiapoque";11
"160015 Pedra Branca do Amapari";2
"160053 Porto Grande";7
"160055 Pracuúba";3
"160060 Santana";46
"160070 Tartarugalzinho";4
"160080 Vitória do Jari";3
"170025 Abreulândia";1
"170035 Aliança do Tocantins";3
"170040 Almas";5
"170070 Alvorada";3
"170130 Aragominas";2
"170190 Araguacema";1
"170200 Araguaçu";3
"170210 Araguaína";55
"170215 Araguanã";2
"170220 Araguatins";7
"170230 Arapoema";1
"170240 Arraias";1
"170255 Augustinópolis";4
"170290 Axixá do Tocantins";3
"170300 Babaçulândia";3
"170305 Bandeirantes do Tocantins";1
"170307 Barra do Ouro";1
"170310 Barrolândia";1
"170330 Bom Jesus do Tocantins";3
"170370 Brejinho de Nazaré";2
"170380 Buriti do Tocantins";3
"170384 Campos Lindos";4
"170386 Cariri do Tocantins";2
"170389 Carrasco Bonito";2
"170390 Caseara";2
"170510 Chapada da Natividade";1
"170550 Colinas do Tocantins";14
"171670 Colméia";2
"170560 Conceição do Tocantins";2
"170600 Couto Magalhães";1
"170610 Cristalândia";5
"170625 Crixás do Tocantins";2
"170650 Darcinópolis";3
"170700 Dianópolis";6
"170710 Divinópolis do Tocantins";1
"170720 Dois Irmãos do Tocantins";1
"170730 Dueré";1
"170740 Esperantina";2
"170765 Figueirópolis";3
"170770 Filadélfia";3
"170820 Formoso do Araguaia";7
"170825 Fortaleza do Tabocão";2
"170830 Goianorte";1
"170900 Goiatins";4
"170930 Guaraí";6
"170950 Gurupi";32
"171050 Itacajá";2
"171090 Itapiratins";1
"171190 Lagoa da Confusão";1
"171195 Lagoa do Tocantins";2
"171200 Lajeado";3
"171240 Lizarda";1
"171250 Marianópolis do Tocantins";1
"171270 Mateiros";1
"171320 Miracema do Tocantins";8
"171330 Miranorte";3
"171395 Muricilândia";1
"171420 Natividade";6
"171488 Nova Olinda";2
"171500 Nova Rosalândia";2
"172100 Palmas";102
"171570 Palmeirante";2
"171380 Palmeiras do Tocantins";2
"171575 Palmeirópolis";2
"171610 Paraíso do Tocantins";14
"171620 Paranã";2
"171630 Pau D'Arco";2
"171650 Pedro Afonso";2
"171660 Peixe";3
"171665 Pequizeiro";1
"171720 Piraquê";1
"171750 Pium";2
"171790 Ponte Alta do Tocantins";4
"171800 Porto Alegre do Tocantins";1
"171820 Porto Nacional";31
"171830 Praia Norte";3
"171840 Presidente Kennedy";3
"171845 Pugmil";1
"171850 Recursolândia";1
"171855 Riachinho";1
"171865 Rio da Conceição";2
"171870 Rio dos Bois";1
"171880 Sampaio";3
"171884 Sandolândia";3
"171886 Santa Fé do Araguaia";1
"171889 Santa Rita do Tocantins";1
"172010 São Bento do Tocantins";4
"172015 São Félix do Tocantins";1
"172020 São Miguel do Tocantins";1
"172025 São Salvador do Tocantins";2
"172049 São Valério";2
"172065 Silvanópolis";2
"172080 Sítio Novo do Tocantins";1
"172090 Taguatinga";6
"172097 Talismã";1
"172120 Tocantinópolis";8
"172130 Tupiratins";1
"172208 Wanderlândia";2
"172210 Xambioá";5
"170000 Município ignorado - TO";3
"210005 Açailândia";66
"210015 Água Doce do Maranhão";1
"210030 Aldeias Altas";4
"210040 Altamira do Maranhão";1
"210043 Alto Alegre do Maranhão";13
"210047 Alto Alegre do Pindaré";3
"210050 Alto Parnaíba";1
"210055 Amapá do Maranhão";2
"210060 Amarante do Maranhão";16
"210070 Anajatuba";2
"210083 Apicum-Açu";4
"210087 Araguanã";1
"210090 Araioses";1
"210095 Arame";5
"210100 Arari";10
"210110 Axixá";3
"210120 Bacabal";37
"210125 Bacabeira";13
"210130 Bacuri";11
"210135 Bacurituba";1
"210140 Balsas";64
"210150 Barão de Grajaú";1
"210160 Barra do Corda";11
"210170 Barreirinhas";7
"210177 Bela Vista do Maranhão";2
"210190 Bequimão";5
"210193 Bernardo do Mearim";2
"210197 Boa Vista do Gurupi";3
"210200 Bom Jardim";12
"210203 Bom Jesus das Selvas";17
"210210 Brejo";5
"210215 Brejo de Areia";4
"210220 Buriti";4
"210230 Buriti Bravo";3
"210232 Buriticupu";20
"210235 Buritirana";3
"210240 Cajapió";2
"210250 Cajari";7
"210255 Campestre do Maranhão";5
"210260 Cândido Mendes";3
"210275 Capinzal do Norte";2
"210280 Carolina";7
"210290 Carutapera";1
"210300 Caxias";81
"210310 Cedral";2
"210312 Central do Maranhão";8
"210315 Centro do Guilherme";1
"210317 Centro Novo do Maranhão";4
"210320 Chapadinha";17
"210325 Cidelândia";5
"210330 Codó";58
"210340 Coelho Neto";17
"210350 Colinas";17
"210355 Conceição do Lago-Açu";5
"210360 Coroatá";15
"210370 Cururupu";16
"210375 Davinópolis";12
"210380 Dom Pedro";6
"210390 Duque Bacelar";2
"210400 Esperantinópolis";4
"210405 Estreito";12
"210407 Feira Nova do Maranhão";1
"210409 Formosa da Serra Negra";3
"210410 Fortaleza dos Nogueiras";1
"210420 Fortuna";1
"210430 Godofredo Viana";2
"210450 Governador Archer";1
"210455 Governador Edison Lobão";7
"210460 Governador Eugênio Barros";1
"210462 Governador Luiz Rocha";2
"210465 Governador Newton Bello";1
"210467 Governador Nunes Freire";8
"210480 Grajaú";43
"210490 Guimarães";5
"210500 Humberto de Campos";5
"210510 Icatu";5
"210515 Igarapé do Meio";3
"210520 Igarapé Grande";5
"210530 Imperatriz";127
"210540 Itapecuru Mirim";14
"210542 Itinga do Maranhão";19
"210545 Jatobá";1
"210547 Jenipapo dos Vieiras";1
"210550 João Lisboa";13
"210560 Joselândia";3
"210565 Junco do Maranhão";2
"210570 Lago da Pedra";24
"210580 Lago do Junco";2
"210594 Lago dos Rodrigues";3
"210590 Lago Verde";3
"210592 Lagoa do Mato";2
"210600 Lima Campos";2
"210620 Luís Domingues";2
"210630 Magalhães de Almeida";1
"210632 Maracaçumé";7
"210635 Marajá do Sena";1
"210637 Maranhãozinho";2
"210640 Mata Roma";2
"210650 Matinha";6
"210660 Matões";5
"210663 Matões do Norte";2
"210670 Mirador";2
"210675 Miranda do Norte";3
"210680 Mirinzal";2
"210690 Monção";1
"210700 Montes Altos";1
"210710 Morros";1
"210720 Nina Rodrigues";1
"210725 Nova Colinas";2
"210730 Nova Iorque";1
"210735 Nova Olinda do Maranhão";5
"210740 Olho d'Água das Cunhãs";4
"210745 Olinda Nova do Maranhão";4
"210750 Paço do Lumiar";21
"210760 Palmeirândia";5
"210770 Paraibano";3
"210780 Parnarama";5
"210790 Passagem Franca";4
"210800 Pastos Bons";7
"210805 Paulino Neves";1
"210810 Paulo Ramos";8
"210820 Pedreiras";8
"210825 Pedro do Rosário";12
"210830 Penalva";12
"210840 Peri Mirim";3
"210845 Peritoró";3
"210850 Pindaré-Mirim";13
"210860 Pinheiro";39
"210870 Pio XII";5
"210880 Pirapemas";2
"210890 Poção de Pedras";4
"210900 Porto Franco";8
"210905 Porto Rico do Maranhão";2
"210910 Presidente Dutra";10
"210920 Presidente Juscelino";2
"210927 Presidente Sarney";6
"210930 Presidente Vargas";2
"210940 Primeira Cruz";1
"210945 Raposa";2
"210950 Riachão";3
"210960 Rosário";15
"210975 Santa Filomena do Maranhão";1
"210980 Santa Helena";8
"210990 Santa Inês";53
"211000 Santa Luzia";26
"211003 Santa Luzia do Paruá";6
"211010 Santa Quitéria do Maranhão";8
"211020 Santa Rita";12
"211023 Santana do Maranhão";2
"211030 Santo Antônio dos Lopes";4
"211040 São Benedito do Rio Preto";3
"211050 São Bento";4
"211060 São Bernardo";3
"211070 São Domingos do Maranhão";20
"211085 São Francisco do Brejão";8
"211090 São Francisco do Maranhão";2
"211100 São João Batista";3
"211102 São João do Carú";1
"211105 São João do Paraíso";2
"211107 São João do Soter";7
"211110 São João dos Patos";3
"211120 São José de Ribamar";73
"211130 São Luís";306
"211140 São Luís Gonzaga do Maranhão";4
"211150 São Mateus do Maranhão";20
"211153 São Pedro da Água Branca";8
"211157 São Pedro dos Crentes";1
"211160 São Raimundo das Mangabeiras";5
"211170 São Vicente Ferrer";3
"211174 Senador Alexandre Costa";1
"211176 Senador La Rocque";6
"211178 Serrano do Maranhão";1
"211180 Sítio Novo";2
"211190 Sucupira do Norte";2
"211195 Sucupira do Riachão";1
"211200 Tasso Fragoso";1
"211210 Timbiras";1
"211220 Timon";109
"211223 Trizidela do Vale";6
"211227 Tufilândia";1
"211230 Tuntum";11
"211240 Turiaçu";7
"211245 Turilândia";12
"211260 Urbano Santos";1
"211270 Vargem Grande";12
"211280 Viana";29
"211285 Vila Nova dos Martírios";5
"211290 Vitória do Mearim";17
"211300 Vitorino Freire";9
"211400 Zé Doca";17
"210000 Município ignorado - MA";15
"220010 Agricolândia";1
"220020 Água Branca";2
"220025 Alagoinha do Piauí";1
"220027 Alegrete do Piauí";1
"220030 Alto Longá";4
"220040 Altos";9
"220045 Alvorada do Gurguéia";1
"220050 Amarante";1
"220110 Avelino Lopes";5
"220115 Baixa Grande do Ribeiro";1
"220120 Barras";4
"220150 Batalha";2
"220170 Bertolínia";1
"220190 Bom Jesus";4
"220198 Brejo do Piauí";3
"220200 Buriti dos Lopes";1
"220205 Cabeceiras do Piauí";1
"220208 Cajueiro da Praia";1
"220209 Caldeirão Grande do Piauí";2
"220213 Campo Grande do Piauí";1
"220220 Campo Maior";14
"220230 Canto do Buriti";6
"220240 Capitão de Campos";1
"220245 Capitão Gervásio Oliveira";1
"220250 Caracol";5
"220260 Castelo do Piauí";2
"220265 Caxingó";1
"220270 Cocal";1
"220275 Colônia do Gurguéia";2
"220280 Conceição do Canindé";1
"220290 Corrente";5
"220300 Cristalândia do Piauí";1
"220310 Cristino Castro";2
"220320 Curimatá";2
"220325 Curralinhos";2
"220330 Demerval Lobão";9
"220345 Dom Inocêncio";1
"220350 Elesbão Veloso";2
"220370 Esperantina";11
"220380 Flores do Piauí";1
"220385 Floresta do Piauí";1
"220390 Floriano";14
"220420 Francisco Santos";2
"220430 Fronteiras";6
"220460 Hugo Napoleão";1
"220490 Isaías Coelho";1
"220510 Itaueira";2
"220520 Jaicós";3
"220550 José de Freitas";6
"220552 Júlio Borges";1
"220554 Lagoinha do Piauí";1
"220560 Landri Sales";1
"220570 Luís Correia";6
"220580 Luzilândia";15
"220585 Madeiro";6
"220590 Manoel Emídio";1
"220595 Marcolândia";4
"220605 Massapê do Piauí";2
"220610 Matias Olímpio";3
"220620 Miguel Alves";4
"220650 Monsenhor Hipólito";2
"220665 Morro Cabeça no Tempo";1
"220667 Morro do Chapéu do Piauí";2
"220669 Murici dos Portelas";1
"220672 Nazária";2
"220680 Nossa Senhora dos Remédios";1
"220700 Oeiras";2
"220710 Olho D'Água do Piauí";1
"220720 Padre Marcos";5
"220735 Pajeú do Piauí";1
"220750 Palmeirais";2
"220760 Parnaguá";1
"220770 Parnaíba";35
"220777 Patos do Piauí";1
"220779 Pau D'Arco do Piauí";1
"220780 Paulistana";3
"220790 Pedro II";4
"220800 Picos";16
"220820 Pio IX";5
"220830 Piracuruca";5
"220840 Piripiri";8
"220850 Porto";2
"220870 Redenção do Gurguéia";2
"220880 Regeneração";3
"220887 Ribeira do Piauí";1
"220890 Ribeiro Gonçalves";2
"220900 Rio Grande do Piauí";1
"220910 Santa Cruz do Piauí";2
"220915 Santa Cruz dos Milagres";1
"220920 Santa Filomena";1
"220940 Santo Antônio de Lisboa";2
"220965 São Francisco de Assis do Piauí";1
"220970 São Francisco do Piauí";1
"220997 São João do Arraial";2
"221000 São João do Piauí";6
"221005 São José do Divino";1
"221030 São Julião";4
"221035 São Lourenço do Piauí";1
"221040 São Miguel do Tapuio";5
"221050 São Pedro do Piauí";3
"221060 São Raimundo Nonato";4
"221065 Sigefredo Pacheco";1
"221095 Tamboril do Piauí";1
"221100 Teresina";298
"221110 União";9
"221120 Uruçuí";1
"221130 Valença do Piauí";4
"221135 Várzea Branca";1
"221170 Wall Ferraz";1
"220000 Município ignorado - PI";17
"230010 Abaiara";1
"230015 Acarape";11
"230020 Acaraú";14
"230030 Acopiara";12
"230040 Aiuaba";2
"230050 Alcântaras";2
"230070 Alto Santo";13
"230075 Amontada";7
"230080 Antonina do Norte";2
"230090 Apuiarés";2
"230100 Aquiraz";75
"230110 Aracati";18
"230120 Aracoiaba";21
"230125 Ararendá";1
"230130 Araripe";5
"230140 Aratuba";3
"230150 Arneiroz";1
"230160 Assaré";3
"230185 Banabuiú";6
"230190 Barbalha";22
"230195 Barreira";11
"230200 Barro";2
"230205 Barroquinha";2
"230210 Baturité";14
"230220 Beberibe";19
"230230 Bela Cruz";3
"230240 Boa Viagem";10
"230250 Brejo Santo";7
"230260 Camocim";4
"230270 Campos Sales";23
"230280 Canindé";37
"230290 Capistrano";11
"230300 Caridade";13
"230310 Cariré";2
"230320 Caririaçu";5
"230330 Cariús";4
"230340 Carnaubal";1
"230350 Cascavel";66
"230360 Catarina";1
"230365 Catunda";1
"230370 Caucaia";299
"230380 Cedro";18
"230390 Chaval";1
"230393 Choró";7
"230395 Chorozinho";16
"230400 Coreaú";10
"230410 Crateús";10
"230420 Crato";52
"230423 Croatá";2
"230425 Cruz";7
"230426 Deputado Irapuan Pinheiro";1
"230427 Ererê";2
"230428 Eusébio";26
"230430 Farias Brito";3
"230435 Forquilha";29
"230440 Fortaleza";1262
"230445 Fortim";4
"230450 Frecheirinha";14
"230460 General Sampaio";4
"230465 Graça";2
"230470 Granja";3
"230480 Granjeiro";1
"230490 Groaíras";5
"230495 Guaiúba";41
"230500 Guaraciaba do Norte";4
"230510 Guaramiranga";3
"230520 Hidrolândia";8
"230523 Horizonte";58
"230526 Ibaretama";10
"230530 Ibiapina";2
"230533 Ibicuitinga";19
"230535 Icapuí";7
"230540 Icó";8
"230550 Iguatu";24
"230560 Independência";9
"230570 Ipaumirim";2
"230580 Ipu";2
"230590 Ipueiras";3
"230600 Iracema";2
"230610 Irauçuba";3
"230620 Itaiçaba";2
"230625 Itaitinga";58
"230630 Itapagé";9
"230640 Itapipoca";20
"230650 Itapiúna";3
"230655 Itarema";26
"230660 Itatira";3
"230670 Jaguaretama";6
"230680 Jaguaribara";23
"230690 Jaguaribe";14
"230700 Jaguaruana";21
"230710 Jardim";9
"230720 Jati";3
"230725 Jijoca de Jericoacoara";8
"230730 Juazeiro do Norte";143
"230740 Jucás";11
"230750 Lavras da Mangabeira";15
"230760 Limoeiro do Norte";36
"230763 Madalena";3
"230765 Maracanaú";146
"230770 Maranguape";104
"230780 Marco";12
"230790 Martinópole";1
"230800 Massapê";10
"230810 Mauriti";7
"230820 Meruoca";2
"230830 Milagres";1
"230835 Milhã";6
"230837 Miraíma";2
"230840 Missão Velha";11
"230850 Mombaça";7
"230860 Monsenhor Tabosa";15
"230870 Morada Nova";25
"230880 Moraújo";1
"230890 Morrinhos";6
"230900 Mucambo";1
"230910 Mulungu";3
"230920 Nova Olinda";8
"230930 Nova Russas";2
"230940 Novo Oriente";6
"230945 Ocara";3
"230950 Orós";5
"230960 Pacajus";67
"230970 Pacatuba";49
"230980 Pacoti";4
"231000 Palhano";4
"231010 Palmácia";6
"231020 Paracuru";10
"231025 Paraipaba";20
"231030 Parambu";3
"231040 Paramoti";10
"231050 Pedra Branca";6
"231060 Penaforte";1
"231070 Pentecoste";19
"231080 Pereiro";4
"231085 Pindoretama";11
"231090 Piquet Carneiro";1
"231095 Pires Ferreira";1
"231110 Porteiras";3
"231123 Potiretama";4
"231126 Quiterianópolis";6
"231130 Quixadá";42
"231135 Quixelô";1
"231140 Quixeramobim";26
"231150 Quixeré";14
"231160 Redenção";7
"231170 Reriutaba";5
"231180 Russas";33
"231190 Saboeiro";10
"231195 Salitre";5
"231220 Santa Quitéria";16
"231200 Santana do Acaraú";14
"231210 Santana do Cariri";1
"231230 São Benedito";14
"231240 São Gonçalo do Amarante";25
"231250 São João do Jaguaribe";18
"231260 São Luís do Curu";9
"231270 Senador Pompeu";4
"231280 Senador Sá";1
"231290 Sobral";136
"231300 Solonópole";5
"231310 Tabuleiro do Norte";25
"231320 Tamboril";2
"231330 Tauá";11
"231335 Tejuçuoca";4
"231340 Tianguá";20
"231350 Trairi";19
"231355 Tururu";5
"231360 Ubajara";11
"231375 Umirim";4
"231380 Uruburetama";5
"231390 Uruoca";1
"231395 Varjota";10
"231400 Várzea Alegre";8
"231410 Viçosa do Ceará";7
"240010 Acari";2
"240020 Açu";22
"240030 Afonso Bezerra";2
"240040 Água Nova";1
"240050 Alexandria";2
"240060 Almino Afonso";4
"240070 Alto do Rodrigues";12
"240080 Angicos";1
"240090 Antônio Martins";4
"240100 Apodi";13
"240110 Areia Branca";13
"240120 Arês";5
"240130 Augusto Severo";3
"240140 Baía Formosa";1
"240145 Baraúna";9
"240150 Barcelona";3
"240160 Bento Fernandes";1
"240170 Bom Jesus";6
"240180 Brejinho";9
"240190 Caiçara do Rio do Vento";2
"240200 Caicó";25
"240210 Campo Redondo";2
"240220 Canguaretama";26
"240230 Caraúbas";10
"240240 Carnaúba dos Dantas";1
"240250 Carnaubais";5
"240260 Ceará-Mirim";40
"240270 Cerro Corá";2
"240280 Coronel Ezequiel";2
"240290 Coronel João Pessoa";2
"240300 Cruzeta";1
"240310 Currais Novos";5
"240340 Equador";2
"240350 Espírito Santo";3
"240360 Extremoz";43
"240370 Felipe Guerra";3
"240375 Fernando Pedroza";1
"240390 Francisco Dantas";2
"240400 Frutuoso Gomes";1
"240410 Galinhos";1
"240420 Goianinha";16
"240430 Governador Dix-Sept Rosado";9
"240440 Grossos";3
"240450 Guamaré";4
"240460 Ielmo Marinho";9
"240470 Ipanguaçu";6
"240485 Itajá";2
"240490 Itaú";1
"240500 Jaçanã";4
"240510 Jandaíra";1
"240520 Janduís";1
"240530 Januário Cicco";4
"240540 Japi";5
"240560 Jardim de Piranhas";7
"240570 Jardim do Seridó";2
"240580 João Câmara";14
"240590 João Dias";6
"240600 José da Penha";1
"240610 Jucurutu";8
"240615 Jundiá";1
"240620 Lagoa d'Anta";2
"240630 Lagoa de Pedras";3
"240640 Lagoa de Velhos";2
"240650 Lagoa Nova";3
"240660 Lagoa Salgada";5
"240680 Lajes Pintadas";1
"240690 Lucrécia";1
"240700 Luís Gomes";2
"240710 Macaíba";55
"240720 Macau";4
"240725 Major Sales";1
"240730 Marcelino Vieira";1
"240740 Martins";6
"240750 Maxaranguape";5
"240760 Messias Targino";1
"240770 Montanhas";6
"240780 Monte Alegre";11
"240790 Monte das Gameleiras";4
"240800 Mossoró";183
"240810 Natal";294
"240820 Nísia Floresta";12
"240830 Nova Cruz";17
"240860 Paraná";1
"240880 Parazinho";1
"240890 Parelhas";7
"240325 Parnamirim";68
"240910 Passa e Fica";7
"240930 Patu";2
"240940 Pau dos Ferros";8
"240980 Pedro Velho";9
"240990 Pendências";5
"241000 Pilões";3
"241010 Poço Branco";2
"241020 Portalegre";1
"241025 Porto do Mangue";5
"241040 Pureza";1
"241050 Rafael Fernandes";2
"241060 Rafael Godeiro";3
"241070 Riacho da Cruz";1
"241080 Riacho de Santana";1
"241090 Riachuelo";2
"240895 Rio do Fogo";6
"241120 Santa Cruz";11
"240933 Santa Maria";1
"241140 Santana do Matos";1
"241150 Santo Antônio";6
"241190 São Francisco do Oeste";1
"241200 São Gonçalo do Amarante";57
"241220 São José de Mipibu";36
"241230 São José do Campestre";8
"241250 São Miguel";5
"241255 São Miguel do Gostoso";3
"241260 São Paulo do Potengi";4
"241270 São Pedro";2
"241280 São Rafael";1
"241290 São Tomé";11
"241300 São Vicente";1
"241310 Senador Elói de Souza";2
"241320 Senador Georgino Avelino";1
"241030 Serra Caiada";6
"241330 Serra de São Bento";4
"241335 Serra do Mel";7
"241340 Serra Negra do Norte";1
"241350 Serrinha";2
"241355 Serrinha dos Pintos";2
"241360 Severiano Melo";1
"241370 Sítio Novo";3
"241390 Taipu";2
"241400 Tangará";11
"241410 Tenente Ananias";1
"241415 Tenente Laurentino Cruz";1
"241105 Tibau";4
"241420 Tibau do Sul";6
"241440 Touros";14
"241450 Umarizal";16
"241460 Upanema";4
"241475 Venha-Ver";2
"241480 Vera Cruz";13
"241490 Viçosa";2
"250010 Água Branca";1
"250030 Alagoa Grande";3
"250040 Alagoa Nova";3
"250050 Alagoinha";2
"250057 Algodão de Jandaíra";4
"250060 Alhandra";7
"250073 Amparo";1
"250077 Aparecida";1
"250080 Araçagi";4
"250090 Arara";1
"250100 Araruna";4
"250110 Areia";5
"250120 Areial";2
"250130 Aroeiras";12
"250135 Assunção";1
"250140 Baía da Traição";1
"250150 Bananeiras";4
"250153 Baraúna";2
"250160 Barra de Santa Rosa";4
"250157 Barra de Santana";3
"250180 Bayeux";57
"250190 Belém";5
"250200 Belém do Brejo do Cruz";3
"250215 Boa Vista";1
"250230 Bom Sucesso";1
"250240 Bonito de Santa Fé";2
"250250 Boqueirão";2
"250270 Borborema";1
"250280 Brejo do Cruz";12
"250290 Brejo dos Santos";7
"250300 Caaporã";13
"250310 Cabaceiras";1
"250320 Cabedelo";9
"250330 Cachoeira dos Índios";2
"250340 Cacimba de Areia";1
"250350 Cacimba de Dentro";4
"250355 Cacimbas";3
"250360 Caiçara";2
"250370 Cajazeiras";5
"250380 Caldas Brandão";2
"250390 Camalaú";1
"250400 Campina Grande";68
"250403 Capim";2
"250407 Caraúbas";1
"250420 Catingueira";3
"250430 Catolé do Rocha";32
"250440 Conceição";3
"250450 Condado";4
"250460 Conde";14
"250470 Congo";2
"250480 Coremas";3
"250490 Cruz do Espírito Santo";9
"250500 Cubati";4
"250510 Cuité";5
"250523 Cuité de Mamanguape";2
"250535 Damião";2
"250540 Desterro";4
"250560 Diamante";2
"250570 Dona Inês";1
"250600 Esperança";6
"250610 Fagundes";7
"250625 Gado Bravo";1
"250630 Guarabira";12
"250640 Gurinhém";4
"250660 Ibiara";1
"250670 Imaculada";5
"250680 Ingá";5
"250690 Itabaiana";11
"250700 Itaporanga";8
"250710 Itapororoca";8
"250720 Itatuba";5
"250730 Jacaraú";8
"250740 Jericó";3
"250750 João Pessoa";237
"250770 Juazeirinho";7
"250780 Junco do Seridó";1
"250790 Juripiranga";5
"250800 Juru";1
"250810 Lagoa";2
"250820 Lagoa de Dentro";3
"250830 Lagoa Seca";4
"250850 Livramento";1
"250855 Logradouro";1
"250860 Lucena";5
"250890 Mamanguape";15
"250900 Manaíra";1
"250905 Marcação";6
"250910 Mari";5
"250920 Massaranduba";4
"250933 Matinhas";1
"250939 Maturéia";3
"250940 Mogeiro";2
"250960 Monte Horebe";1
"250970 Monteiro";15
"250980 Mulungu";2
"250990 Natuba";7
"251010 Nova Floresta";5
"251020 Nova Olinda";1
"251050 Olivedos";1
"251065 Parari";3
"251070 Passagem";2
"251080 Patos";34
"251090 Paulista";2
"251100 Pedra Branca";1
"251120 Pedras de Fogo";18
"251130 Piancó";5
"251140 Picuí";6
"251150 Pilar";4
"251160 Pilões";2
"251170 Pilõezinhos";1
"251180 Pirpirituba";2
"251190 Pitimbu";14
"251200 Pocinhos";4
"251207 Poço de José de Moura";1
"251210 Pombal";6
"251230 Princesa Isabel";6
"251240 Puxinanã";4
"251250 Queimadas";15
"251270 Remígio";5
"251275 Riachão do Bacamarte";1
"251276 Riachão do Poço";4
"251290 Rio Tinto";8
"251310 Salgado de São Félix";3
"251315 Santa Cecília";3
"251320 Santa Cruz";3
"251335 Santa Inês";1
"251340 Santa Luzia";2
"251370 Santa Rita";77
"251380 Santa Teresinha";1
"251350 Santana de Mangueira";1
"251360 Santana dos Garrotes";1
"251385 Santo André";1
"251390 São Bento";13
"251398 São Francisco";1
"251400 São João do Cariri";2
"250070 São João do Rio do Peixe";1
"251410 São João do Tigre";1
"251430 São José de Caiana";1
"251450 São José de Piranhas";3
"251460 São José do Bonfim";3
"251490 São Mamede";1
"251500 São Miguel de Taipu";4
"251510 São Sebastião de Lagoa de Roça";1
"251520 São Sebastião do Umbuzeiro";2
"251540 São Vicente do Seridó";5
"251530 Sapé";16
"251550 Serra Branca";3
"251570 Serra Grande";1
"251597 Sobrado";2
"251600 Solânea";6
"251610 Soledade";4
"251620 Sousa";13
"251630 Sumé";2
"251640 Tacima";1
"251650 Taperoá";6
"251660 Tavares";2
"251670 Teixeira";9
"251690 Uiraúna";2
"251700 Umbuzeiro";3
"251710 Várzea";1
"250000 Município ignorado - PB";11
"260005 Abreu e Lima";39
"260010 Afogados da Ingazeira";7
"260030 Agrestina";13
"260040 Água Preta";9
"260050 Águas Belas";14
"260060 Alagoinha";9
"260070 Aliança";14
"260080 Altinho";12
"260090 Amaraji";18
"260100 Angelim";3
"260105 Araçoiaba";11
"260110 Araripina";19
"260120 Arcoverde";12
"260130 Barra de Guabiraba";9
"260140 Barreiros";27
"260150 Belém de Maria";8
"260160 Belém do São Francisco";6
"260170 Belo Jardim";27
"260180 Betânia";4
"260190 Bezerros";27
"260200 Bodocó";4
"260210 Bom Conselho";13
"260220 Bom Jardim";21
"260230 Bonito";22
"260240 Brejão";4
"260250 Brejinho";2
"260260 Brejo da Madre de Deus";16
"260270 Buenos Aires";8
"260280 Buíque";13
"260290 Cabo de Santo Agostinho";160
"260300 Cabrobó";3
"260310 Cachoeirinha";1
"260320 Caetés";7
"260330 Calçado";3
"260340 Calumbi";5
"260345 Camaragibe";66
"260350 Camocim de São Félix";9
"260360 Camutanga";5
"260370 Canhotinho";9
"260380 Capoeiras";2
"260390 Carnaíba";4
"260392 Carnaubeira da Penha";4
"260400 Carpina";34
"260410 Caruaru";127
"260415 Casinhas";13
"260420 Catende";26
"260430 Cedro";1
"260440 Chã de Alegria";9
"260450 Chã Grande";10
"260460 Condado";10
"260470 Correntes";4
"260480 Cortês";12
"260490 Cumaru";6
"260500 Cupira";15
"260510 Custódia";19
"260515 Dormentes";7
"260520 Escada";71
"260530 Exu";7
"260540 Feira Nova";12
"260550 Ferreiros";4
"260560 Flores";8
"260570 Floresta";7
"260580 Frei Miguelinho";1
"260590 Gameleira";17
"260600 Garanhuns";69
"260610 Glória do Goitá";13
"260620 Goiana";27
"260640 Gravatá";44
"260650 Iati";7
"260660 Ibimirim";11
"260670 Ibirajuba";3
"260680 Igarassu";66
"260760 Ilha de Itamaracá";17
"260700 Inajá";8
"260710 Ingazeira";1
"260720 Ipojuca";50
"260730 Ipubi";8
"260740 Itacuruba";1
"260750 Itaíba";8
"260765 Itambé";15
"260770 Itapetim";4
"260775 Itapissuma";11
"260780 Itaquitinga";4
"260790 Jaboatão dos Guararapes";275
"260795 Jaqueira";3
"260800 Jataúba";4
"260805 Jatobá";2
"260810 João Alfredo";15
"260820 Joaquim Nabuco";4
"260825 Jucati";3
"260830 Jupi";3
"260840 Jurema";12
"260850 Lagoa de Itaenga";18
"260845 Lagoa do Carro";14
"260860 Lagoa do Ouro";4
"260870 Lagoa dos Gatos";1
"260875 Lagoa Grande";7
"260880 Lajedo";22
"260890 Limoeiro";6
"260900 Macaparana";9
"260910 Machados";3
"260915 Manari";8
"260920 Maraial";5
"260930 Mirandiba";8
"260940 Moreno";33
"260950 Nazaré da Mata";14
"260960 Olinda";127
"260970 Orobó";2
"260980 Orocó";7
"260990 Ouricuri";10
"261000 Palmares";52
"261010 Palmeirina";1
"261020 Panelas";12
"261030 Paranatama";8
"261050 Passira";14
"261060 Paudalho";25
"261070 Paulista";76
"261080 Pedra";5
"261090 Pesqueira";22
"261100 Petrolândia";6
"261110 Petrolina";117
"261120 Poção";3
"261130 Pombos";14
"261140 Primavera";10
"261150 Quipapá";11
"261160 Recife";620
"261170 Riacho das Almas";6
"261180 Ribeirão";24
"261190 Rio Formoso";13
"261200 Sairé";6
"261210 Salgadinho";1
"261220 Salgueiro";23
"261230 Saloá";1
"261240 Sanharó";10
"261245 Santa Cruz";5
"261247 Santa Cruz da Baixa Verde";3
"261250 Santa Cruz do Capibaribe";36
"261260 Santa Maria da Boa Vista";12
"261270 Santa Maria do Cambucá";6
"261280 Santa Terezinha";2
"261290 São Benedito do Sul";4
"261300 São Bento do Una";15
"261310 São Caitano";21
"261320 São João";5
"261330 São Joaquim do Monte";15
"261340 São José da Coroa Grande";9
"261350 São José do Belmonte";8
"261360 São José do Egito";11
"261370 São Lourenço da Mata";40
"261380 São Vicente Ferrer";18
"261390 Serra Talhada";28
"261410 Sertânia";16
"261420 Sirinhaém";25
"261440 Solidão";1
"261450 Surubim";17
"261460 Tabira";10
"261470 Tacaimbó";5
"261480 Tacaratu";6
"261485 Tamandaré";10
"261500 Taquaritinga do Norte";9
"261520 Terra Nova";2
"261530 Timbaúba";35
"261540 Toritama";18
"261550 Tracunhaém";7
"261560 Trindade";8
"261570 Triunfo";3
"261580 Tupanatinga";1
"261590 Tuparetama";2
"261600 Venturosa";7
"261610 Verdejante";4
"261620 Vertentes";4
"261630 Vicência";15
"261640 Vitória de Santo Antão";90
"261650 Xexéu";7
"260000 Município ignorado - PE";87
"270010 Água Branca";1
"270020 Anadia";3
"270030 Arapiraca";88
"270040 Atalaia";22
"270050 Barra de Santo Antônio";12
"270060 Barra de São Miguel";4
"270070 Batalha";10
"270080 Belém";2
"270100 Boca da Mata";16
"270110 Branquinha";2
"270120 Cacimbinhas";2
"270130 Cajueiro";11
"270135 Campestre";1
"270140 Campo Alegre";13
"270150 Campo Grande";2
"270160 Canapi";15
"270170 Capela";8
"270190 Chã Preta";1
"270200 Coité do Nóia";2
"270210 Colônia Leopoldina";19
"270220 Coqueiro Seco";3
"270230 Coruripe";9
"270235 Craíbas";6
"270240 Delmiro Gouveia";8
"270250 Dois Riachos";5
"270255 Estrela de Alagoas";2
"270260 Feira Grande";3
"270270 Feliz Deserto";5
"270280 Flexeiras";12
"270290 Girau do Ponciano";3
"270300 Ibateguara";9
"270310 Igaci";11
"270320 Igreja Nova";5
"270330 Inhapi";3
"270340 Jacaré dos Homens";4
"270350 Jacuípe";1
"270360 Japaratinga";2
"270370 Jaramataia";2
"270375 Jequiá da Praia";6
"270380 Joaquim Gomes";7
"270390 Jundiá";3
"270400 Junqueiro";11
"270410 Lagoa da Canoa";8
"270420 Limoeiro de Anadia";5
"270430 Maceió";366
"270440 Major Isidoro";9
"270490 Mar Vermelho";1
"270450 Maragogi";18
"270460 Maravilha";5
"270470 Marechal Deodoro";14
"270480 Maribondo";11
"270500 Mata Grande";8
"270510 Matriz de Camaragibe";12
"270520 Messias";4
"270540 Monteirópolis";2
"270550 Murici";13
"270560 Novo Lino";3
"270570 Olho d'Água das Flores";4
"270580 Olho d'Água do Casado";4
"270600 Olivença";3
"270610 Ouro Branco";1
"270630 Palmeira dos Índios";27
"270640 Pão de Açúcar";3
"270644 Paripueira";4
"270650 Passo de Camaragibe";9
"270660 Paulo Jacinto";3
"270670 Penedo";20
"270680 Piaçabuçu";7
"270690 Pilar";18
"270710 Piranhas";3
"270720 Poço das Trincheiras";4
"270730 Porto Calvo";12
"270740 Porto de Pedras";2
"270750 Porto Real do Colégio";3
"270770 Rio Largo";40
"270780 Roteiro";8
"270790 Santa Luzia do Norte";1
"270800 Santana do Ipanema";11
"270810 Santana do Mundaú";1
"270820 São Brás";1
"270830 São José da Laje";10
"270840 São José da Tapera";7
"270850 São Luís do Quitunde";18
"270860 São Miguel dos Campos";26
"270870 São Miguel dos Milagres";1
"270880 São Sebastião";20
"270890 Satuba";7
"270895 Senador Rui Palmeira";5
"270900 Tanque d'Arca";2
"270910 Taquarana";14
"270915 Teotônio Vilela";14
"270920 Traipu";9
"270930 União dos Palmares";38
"270940 Viçosa";11
"280020 Aquidabã";5
"280030 Aracaju";291
"280050 Areia Branca";14
"280060 Barra dos Coqueiros";23
"280067 Boquim";9
"280070 Brejo Grande";8
"280100 Campo do Brito";6
"280120 Canindé de São Francisco";14
"280130 Capela";14
"280140 Carira";5
"280150 Carmópolis";3
"280170 Cristinápolis";12
"280200 Divina Pastora";3
"280210 Estância";21
"280220 Feira Nova";2
"280230 Frei Paulo";2
"280240 Gararu";2
"280250 General Maynard";2
"280260 Gracho Cardoso";1
"280270 Ilha das Flores";7
"280280 Indiaroba";3
"280290 Itabaiana";69
"280300 Itabaianinha";14
"280310 Itabi";2
"280320 Itaporanga d'Ajuda";14
"280330 Japaratuba";7
"280340 Japoatã";3
"280350 Lagarto";39
"280360 Laranjeiras";12
"280370 Macambira";2
"280380 Malhada dos Bois";2
"280390 Malhador";8
"280400 Maruim";5
"280410 Moita Bonita";2
"280420 Monte Alegre de Sergipe";2
"280430 Muribeca";7
"280440 Neópolis";7
"280445 Nossa Senhora Aparecida";2
"280450 Nossa Senhora da Glória";11
"280460 Nossa Senhora das Dores";13
"280470 Nossa Senhora de Lourdes";1
"280480 Nossa Senhora do Socorro";113
"280490 Pacatuba";7
"280500 Pedra Mole";2
"280510 Pedrinhas";1
"280520 Pinhão";3
"280530 Pirambu";7
"280540 Poço Redondo";8
"280550 Poço Verde";5
"280560 Porto da Folha";7
"280570 Propriá";14
"280580 Riachão do Dantas";3
"280590 Riachuelo";7
"280600 Ribeirópolis";7
"280610 Rosário do Catete";2
"280620 Salgado";3
"280630 Santa Luzia do Itanhy";3
"280650 Santa Rosa de Lima";6
"280640 Santana do São Francisco";2
"280660 Santo Amaro das Brotas";5
"280670 São Cristóvão";45
"280680 São Domingos";2
"280690 São Francisco";2
"280700 São Miguel do Aleixo";1
"280710 Simão Dias";13
"280720 Siriri";9
"280730 Telha";1
"280740 Tobias Barreto";11
"280750 Tomar do Geru";5
"280760 Umbaúba";12
"280000 Município ignorado - SE";1
"290010 Abaíra";1
"290020 Abaré";5
"290030 Acajutiba";14
"290035 Adustina";3
"290040 Água Fria";10
"290070 Alagoinhas";90
"290080 Alcobaça";11
"290090 Almadina";7
"290100 Amargosa";9
"290110 Amélia Rodrigues";9
"290115 América Dourada";5
"290130 Andaraí";8
"290135 Andorinha";3
"290140 Angical";3
"290150 Anguera";2
"290160 Antas";4
"290170 Antônio Cardoso";5
"290180 Antônio Gonçalves";7
"290190 Aporá";9
"290205 Araças";4
"290200 Aracatu";3
"290210 Araci";14
"290220 Aramari";5
"290225 Arataca";11
"290230 Aratuípe";6
"290240 Aurelino Leal";13
"290250 Baianópolis";3
"290260 Baixa Grande";10
"290270 Barra";6
"290280 Barra da Estiva";4
"290290 Barra do Choça";21
"290300 Barra do Mendes";1
"290310 Barra do Rocha";3
"290320 Barreiras";64
"290323 Barro Alto";2
"290330 Barro Preto";5
"290340 Belmonte";17
"290350 Belo Campo";2
"290360 Biritinga";3
"290370 Boa Nova";3
"290380 Boa Vista do Tupim";6
"290390 Bom Jesus da Lapa";27
"290395 Bom Jesus da Serra";2
"290405 Bonito";4
"290410 Boquira";1
"290440 Brejolândia";1
"290450 Brotas de Macaúbas";1
"290460 Brumado";10
"290470 Buerarema";4
"290475 Buritirama";6
"290480 Caatiba";1
"290485 Cabaceiras do Paraguaçu";7
"290490 Cachoeira";18
"290500 Caculé";3
"290510 Caém";2
"290520 Caetité";8
"290530 Cafarnaum";1
"290540 Cairu";7
"290550 Caldeirão Grande";2
"290560 Camacan";16
"290570 Camaçari";213
"290580 Camamu";28
"290590 Campo Alegre de Lourdes";3
"290600 Campo Formoso";30
"290610 Canápolis";2
"290620 Canarana";4
"290630 Canavieiras";17
"290640 Candeal";5
"290650 Candeias";55
"290660 Candiba";3
"290670 Cândido Sales";6
"290680 Cansanção";12
"290682 Canudos";5
"290685 Capela do Alto Alegre";3
"290687 Capim Grosso";23
"290689 Caraíbas";1
"290690 Caravelas";10
"290700 Cardeal da Silva";2
"290710 Carinhanha";6
"290720 Casa Nova";23
"290730 Castro Alves";17
"290740 Catolândia";1
"290750 Catu";20
"290755 Caturama";1
"290760 Central";4
"290770 Chorrochó";2
"290780 Cícero Dantas";19
"290790 Cipó";3
"290800 Coaraci";4
"290810 Cocos";1
"290820 Conceição da Feira";20
"290830 Conceição do Almeida";1
"290840 Conceição do Coité";34
"290850 Conceição do Jacuípe";19
"290860 Conde";1
"290870 Condeúba";4
"290890 Coração de Maria";11
"290910 Coribe";2
"290920 Coronel João Sá";4
"290930 Correntina";8
"290940 Cotegipe";2
"290960 Crisópolis";4
"290970 Cristópolis";2
"290980 Cruz das Almas";23
"290990 Curaçá";15
"291000 Dário Meira";4
"291005 Dias d'Ávila";72
"291030 Elísio Medrado";1
"291040 Encruzilhada";10
"291050 Entre Rios";25
"290050 Érico Cardoso";1
"291060 Esplanada";17
"291070 Euclides da Cunha";10
"291072 Eunápolis";75
"291075 Fátima";4
"291080 Feira de Santana";457
"291085 Filadélfia";3
"291090 Firmino Alves";1
"291100 Floresta Azul";3
"291110 Formosa do Rio Preto";5
"291120 Gandu";15
"291140 Glória";2
"291150 Gongogi";1
"291160 Governador Mangabeira";15
"291170 Guanambi";14
"291180 Guaratinga";5
"291185 Heliópolis";5
"291190 Iaçu";4
"291210 Ibicaraí";17
"291220 Ibicoara";8
"291230 Ibicuí";10
"291270 Ibirapitanga";14
"291280 Ibirapuã";4
"291290 Ibirataia";4
"291300 Ibitiara";1
"291310 Ibititá";1
"291320 Ibotirama";14
"291330 Ichu";1
"291340 Igaporã";2
"291345 Igrapiúna";11
"291350 Iguaí";22
"291360 Ilhéus";106
"291370 Inhambupe";26
"291380 Ipecaetá";6
"291390 Ipiaú";14
"291400 Ipirá";25
"291410 Ipupiara";2
"291430 Iramaia";2
"291440 Iraquara";3
"291450 Irará";11
"291460 Irecê";21
"291465 Itabela";29
"291470 Itaberaba";30
"291480 Itabuna";124
"291490 Itacaré";15
"291500 Itaeté";2
"291510 Itagi";3
"291520 Itagibá";2
"291530 Itagimirim";3
"291535 Itaguaçu da Bahia";1
"291540 Itaju do Colônia";11
"291550 Itajuípe";10
"291560 Itamaraju";44
"291570 Itamari";2
"291580 Itambé";4
"291590 Itanagra";5
"291600 Itanhém";7
"291610 Itaparica";16
"291620 Itapé";2
"291630 Itapebi";2
"291640 Itapetinga";32
"291650 Itapicuru";16
"291660 Itapitanga";4
"291670 Itaquara";2
"291680 Itarantim";9
"291685 Itatim";1
"291700 Itiúba";10
"291710 Itororó";6
"291720 Ituaçu";1
"291730 Ituberá";9
"291733 Iuiú";2
"291735 Jaborandi";2
"291740 Jacaraci";1
"291750 Jacobina";26
"291760 Jaguaquara";4
"291770 Jaguarari";6
"291780 Jaguaripe";6
"291790 Jandaíra";2
"291800 Jequié";49
"291810 Jeremoabo";7
"291820 Jiquiriçá";1
"291830 Jitaúna";5
"291835 João Dourado";3
"291840 Juazeiro";105
"291845 Jucuruçu";1
"291850 Jussara";3
"291855 Jussari";10
"291880 Laje";12
"291890 Lajedão";1
"291910 Lamarão";3
"291915 Lapão";6
"291920 Lauro de Freitas";97
"291930 Lençóis";8
"291940 Licínio de Almeida";3
"291950 Livramento de Nossa Senhora";3
"291955 Luís Eduardo Magalhães";25
"291960 Macajuba";4
"291970 Macarani";7
"291980 Macaúbas";9
"291992 Madre de Deus";4
"291995 Maetinga";1
"292000 Maiquinique";1
"292010 Mairi";14
"292020 Malhada";1
"292030 Malhada de Pedras";1
"292040 Manoel Vitorino";3
"292050 Maracás";4
"292060 Maragogipe";13
"292070 Maraú";9
"292080 Marcionílio Souza";3
"292090 Mascote";7
"292100 Mata de São João";30
"292105 Matina";1
"292110 Medeiros Neto";9
"292120 Miguel Calmon";15
"292130 Milagres";5
"292145 Mirante";2
"292150 Monte Santo";13
"292160 Morpará";1
"292170 Morro do Chapéu";12
"292180 Mortugaba";1
"292190 Mucugê";1
"292200 Mucuri";16
"292205 Mulungu do Morro";3
"292210 Mundo Novo";4
"292220 Muniz Ferreira";1
"292225 Muquém de São Francisco";3
"292230 Muritiba";19
"292240 Mutuípe";7
"292250 Nazaré";10
"292260 Nilo Peçanha";6
"292265 Nordestina";3
"292270 Nova Canaã";1
"292273 Nova Fátima";3
"292275 Nova Ibiá";1
"292285 Nova Redenção";1
"292290 Nova Soure";11
"292300 Nova Viçosa";24
"292305 Novo Triunfo";1
"292310 Olindina";7
"292320 Oliveira dos Brejinhos";3
"292330 Ouriçangas";1
"292335 Ourolândia";4
"292340 Palmas de Monte Alto";1
"292350 Palmeiras";3
"292360 Paramirim";2
"292370 Paratinga";3
"292380 Paripiranga";3
"292390 Pau Brasil";14
"292400 Paulo Afonso";46
"292405 Pé de Serra";5
"292410 Pedrão";2
"292420 Pedro Alexandre";4
"292430 Piatã";1
"292440 Pilão Arcado";3
"292450 Pindaí";6
"292460 Pindobaçu";7
"292465 Pintadas";2
"292467 Piraí do Norte";2
"292470 Piripá";2
"292480 Piritiba";7
"292500 Planalto";7
"292510 Poções";15
"292520 Pojuca";27
"292525 Ponto Novo";11
"292530 Porto Seguro";89
"292540 Potiraguá";3
"292550 Prado";19
"292560 Presidente Dutra";5
"292570 Presidente Jânio Quadros";1
"292575 Presidente Tancredo Neves";9
"292580 Queimadas";5
"292590 Quijingue";9
"292593 Quixabeira";1
"292595 Rafael Jambeiro";9
"292600 Remanso";7
"292610 Retirolândia";8
"292620 Riachão das Neves";7
"292630 Riachão do Jacuípe";14
"292640 Riacho de Santana";7
"292650 Ribeira do Amparo";5
"292660 Ribeira do Pombal";7
"292665 Ribeirão do Largo";1
"292690 Rio do Pires";2
"292700 Rio Real";20
"292710 Rodelas";3
"292720 Ruy Barbosa";10
"292730 Salinas da Margarida";5
"292740 Salvador";1260
"292750 Santa Bárbara";4
"292760 Santa Brígida";1
"292770 Santa Cruz Cabrália";20
"292780 Santa Cruz da Vitória";4
"292790 Santa Inês";2
"292805 Santa Luzia";6
"292810 Santa Maria da Vitória";24
"292840 Santa Rita de Cássia";6
"292850 Santa Teresinha";2
"292800 Santaluz";10
"292820 Santana";2
"292830 Santanópolis";3
"292860 Santo Amaro";54
"292870 Santo Antônio de Jesus";82
"292880 Santo Estêvão";25
"292890 São Desidério";4
"292895 São Domingos";9
"292910 São Felipe";5
"292900 São Félix";10
"292905 São Félix do Coribe";6
"292920 São Francisco do Conde";17
"292925 São Gabriel";4
"292930 São Gonçalo dos Campos";13
"292935 São José da Vitória";4
"292937 São José do Jacuípe";6
"292940 São Miguel das Matas";2
"292950 São Sebastião do Passé";28
"292960 Sapeaçu";12
"292970 Sátiro Dias";10
"292975 Saubara";7
"292980 Saúde";5
"292990 Seabra";8
"293000 Sebastião Laranjeiras";1
"293010 Senhor do Bonfim";39
"293020 Sento Sé";5
"293015 Serra do Ramalho";10
"293030 Serra Dourada";3
"293040 Serra Preta";6
"293050 Serrinha";38
"293060 Serrolândia";13
"293070 Simões Filho";80
"293075 Sítio do Mato";1
"293076 Sítio do Quinto";7
"293077 Sobradinho";8
"293080 Souto Soares";5
"293100 Tanhaçu";1
"293110 Tanquinho";10
"293120 Taperoá";11
"293130 Tapiramutá";5
"293135 Teixeira de Freitas";75
"293140 Teodoro Sampaio";2
"293150 Teofilândia";6
"293160 Teolândia";9
"293170 Terra Nova";15
"293190 Tucano";19
"293200 Uauá";3
"293210 Ubaíra";5
"293220 Ubaitaba";15
"293230 Ubatã";7
"293240 Uibaí";2
"293245 Umburanas";3
"293250 Una";3
"293260 Urandi";7
"293270 Uruçuca";19
"293280 Utinga";6
"293290 Valença";57
"293300 Valente";10
"293305 Várzea da Roça";16
"293310 Várzea do Poço";5
"293315 Várzea Nova";8
"293317 Varzedo";2
"293320 Vera Cruz";43
"293325 Vereda";1
"293330 Vitória da Conquista";158
"293340 Wagner";4
"293345 Wanderley";2
"293350 Wenceslau Guimarães";30
"293360 Xique-Xique";15
"290000 Município ignorado - BA";100
"310010 Abadia dos Dourados";1
"310030 Abre Campo";1
"310040 Acaiaca";1
"310060 Água Boa";1
"310090 Águas Formosas";11
"310110 Aimorés";8
"310140 Albertina";1
"310150 Além Paraíba";8
"310160 Alfenas";4
"310170 Almenara";3
"310180 Alpercata";5
"310190 Alpinópolis";1
"310200 Alterosa";3
"310220 Alvarenga";1
"310260 Andradas";3
"310280 Andrelândia";1
"310300 Antônio Dias";2
"310340 Araçuaí";4
"310350 Araguari";19
"310360 Arantina";2
"310370 Araponga";1
"310390 Araújos";1
"310400 Araxá";10
"310420 Arcos";4
"310450 Arinos";4
"310460 Astolfo Dutra";1
"310500 Baldim";3
"310510 Bambuí";2
"310520 Bandeira";2
"310530 Bandeira do Sul";1
"310540 Barão de Cocais";2
"310560 Barbacena";17
"310600 Bela Vista de Minas";2
"310620 Belo Horizonte";322
"310630 Belo Oriente";5
"310640 Belo Vale";1
"310665 Berizal";2
"310660 Bertópolis";1
"310670 Betim";102
"310690 Bicas";3
"310710 Boa Esperança";7
"310730 Bocaiúva";4
"310740 Bom Despacho";8
"310750 Bom Jardim de Minas";1
"310780 Bom Jesus do Galho";4
"310800 Bom Sucesso";4
"310810 Bonfim";1
"310830 Borda da Mata";1
"310840 Botelhos";1
"310850 Botumirim";1
"310870 Brás Pires";3
"310855 Brasilândia de Minas";1
"310860 Brasília de Minas";2
"310900 Brumadinho";7
"310920 Buenópolis";1
"310925 Bugre";1
"310930 Buritis";5
"310940 Buritizeiro";3
"310945 Cabeceira Grande";2
"310950 Cabo Verde";2
"310970 Cachoeira de Minas";1
"310270 Cachoeira de Pajeú";1
"310980 Cachoeira Dourada";1
"310990 Caetanópolis";2
"311000 Caeté";4
"311020 Cajuri";1
"311030 Caldas";1
"311050 Camanducaia";1
"311060 Cambuí";1
"311070 Cambuquira";1
"311080 Campanário";1
"311100 Campestre";1
"311110 Campina Verde";4
"311120 Campo Belo";4
"311140 Campo Florido";1
"311150 Campos Altos";4
"311160 Campos Gerais";4
"311180 Canápolis";2
"311205 Cantagalo";2
"311230 Capelinha";2
"311250 Capim Branco";1
"311260 Capinópolis";1
"311270 Capitão Enéas";1
"311290 Caputira";2
"311300 Caraí";5
"311320 Carandaí";2
"311330 Carangola";2
"311340 Caratinga";17
"311370 Carlos Chagas";5
"311400 Carmo da Mata";1
"311420 Carmo do Cajuru";1
"311430 Carmo do Paranaíba";4
"311440 Carmo do Rio Claro";1
"311450 Carmópolis de Minas";1
"311530 Cataguases";9
"311540 Catas Altas da Noruega";1
"311545 Catuji";5
"311570 Central de Minas";1
"311600 Chalé";2
"311615 Chapada Gaúcha";3
"311630 Cipotânea";3
"311650 Claro dos Poções";2
"311660 Cláudio";2
"311690 Comendador Gomes";1
"311700 Comercinho";1
"311710 Conceição da Aparecida";1
"311520 Conceição da Barra de Minas";1
"311730 Conceição das Alagoas";9
"311740 Conceição de Ipanema";1
"311750 Conceição do Mato Dentro";4
"311780 Conceição dos Ouros";2
"311783 Cônego Marinho";1
"311787 Confins";1
"311800 Congonhas";5
"311830 Conselheiro Lafaiete";8
"311840 Conselheiro Pena";5
"311860 Contagem";96
"311880 Coração de Jesus";1
"311890 Cordisburgo";1
"311910 Corinto";1
"311920 Coroaci";1
"311930 Coromandel";3
"311940 Coronel Fabriciano";25
"312015 Crisólita";1
"312030 Cristália";3
"312083 Cuparaque";1
"312090 Curvelo";26
"312110 Delfim Moreira";2
"312120 Delfinópolis";1
"312160 Diamantina";4
"312190 Divinésia";1
"312200 Divino";4
"312230 Divinópolis";31
"312235 Divisa Alegre";3
"312245 Divisópolis";1
"312250 Dom Cavati";2
"312260 Dom Joaquim";2
"312270 Dom Silvério";1
"312290 Dona Eusébia";1
"312300 Dores de Campos";1
"312310 Dores de Guanhães";1
"312320 Dores do Indaiá";3
"312340 Doresópolis";1
"312352 Durandé";2
"312360 Elói Mendes";5
"312370 Engenheiro Caldas";3
"312390 Entre Rios de Minas";1
"312400 Ervália";14
"312410 Esmeraldas";13
"312420 Espera Feliz";2
"312430 Espinosa";2
"312450 Estiva";1
"312510 Extrema";2
"312530 Faria Lemos";1
"312540 Felício dos Santos";1
"312580 Fernandes Tourinho";1
"312590 Ferros";1
"312595 Fervedouro";5
"312600 Florestal";1
"312610 Formiga";12
"312670 Francisco Sá";2
"312675 Franciscópolis";1
"312680 Frei Gaspar";1
"312690 Frei Inocêncio";2
"312700 Fronteira";3
"312705 Fronteira dos Vales";3
"312707 Fruta de Leite";1
"312710 Frutal";5
"312720 Funilândia";1
"312730 Galiléia";4
"312737 Goiabeira";1
"312750 Gonzaga";2
"312770 Governador Valadares";101
"312800 Guanhães";6
"312810 Guapé";3
"312820 Guaraciaba";1
"312840 Guarani";2
"312870 Guaxupé";4
"312890 Guimarânia";1
"312950 Ibiá";4
"312965 Ibiracatu";1
"312980 Ibirité";35
"313010 Igarapé";9
"313020 Igaratinga";1
"313030 Iguatama";1
"313040 Ijaci";1
"313050 Ilicínea";1
"313055 Imbé de Minas";1
"313090 Inhapim";4
"313100 Inhaúma";1
"313110 Inimutaba";1
"313115 Ipaba";3
"313120 Ipanema";1
"313130 Ipatinga";31
"313140 Ipiaçu";1
"313170 Itabira";18
"313190 Itabirito";14
"313210 Itacarambi";6
"313220 Itaguara";2
"313230 Itaipé";1
"313240 Itajubá";5
"313250 Itamarandiba";4
"313270 Itambacuri";5
"313310 Itanhandu";3
"313320 Itanhomi";3
"313330 Itaobim";4
"313340 Itapagipe";1
"313350 Itapecerica";2
"313370 Itatiaiuçu";5
"313375 Itaú de Minas";2
"313380 Itaúna";14
"313400 Itinga";2
"313410 Itueta";2
"313420 Ituiutaba";14
"313440 Iturama";5
"313450 Itutinga";1
"313460 Jaboticatubas";3
"313470 Jacinto";2
"313505 Jaíba";4
"313507 Jampruca";1
"313510 Janaúba";17
"313520 Januária";5
"313540 Jeceaba";1
"313550 Jequeri";2
"313560 Jequitaí";1
"313570 Jequitibá";1
"313580 Jequitinhonha";2
"313600 Joaíma";5
"313610 Joanésia";2
"313620 João Monlevade";5
"313630 João Pinheiro";8
"313650 Jordânia";1
"313657 Josenópolis";1
"313665 Juatuba";4
"313670 Juiz de Fora";68
"313700 Ladainha";4
"313710 Lagamar";1
"313720 Lagoa da Prata";5
"313750 Lagoa Formosa";3
"313753 Lagoa Grande";1
"313760 Lagoa Santa";15
"313770 Lajinha";2
"313780 Lambari";1
"313800 Laranjal";1
"313810 Lassance";2
"313820 Lavras";5
"313830 Leandro Ferreira";1
"313840 Leopoldina";4
"313860 Lima Duarte";1
"313868 Luislândia";1
"313890 Machacalis";2
"313900 Machado";7
"313920 Malacacheta";4
"313930 Manga";4
"313940 Manhuaçu";26
"313950 Manhumirim";4
"313960 Mantena";4
"313990 Maria da Fé";1
"314000 Mariana";5
"314010 Marilac";1
"314015 Mário Campos";1
"314030 Marliéria";2
"314050 Martinho Campos";2
"314053 Martins Soares";2
"314055 Mata Verde";2
"314070 Mateus Leme";5
"317150 Mathias Lobato";2
"314080 Matias Barbosa";1
"314085 Matias Cardoso";2
"314090 Matipó";1
"314100 Mato Verde";1
"314110 Matozinhos";10
"314140 Medina";4
"314150 Mendes Pimentel";2
"314180 Minas Novas";1
"314200 Mirabela";1
"314210 Miradouro";2
"314220 Miraí";3
"314225 Miravânia";1
"314240 Moema";2
"314270 Montalvânia";1
"314280 Monte Alegre de Minas";1
"314290 Monte Azul";3
"314310 Monte Carmelo";4
"314330 Montes Claros";32
"314345 Montezuma";1
"314350 Morada Nova de Minas";2
"314380 Munhoz";1
"314390 Muriaé";20
"314400 Mutum";7
"314410 Muzambinho";1
"314430 Nanuque";13
"314435 Naque";1
"314437 Natalândia";1
"314465 Ninheira";4
"314470 Nova Era";2
"314480 Nova Lima";11
"314500 Nova Ponte";3
"314505 Nova Porteirinha";3
"314510 Nova Resende";1
"314520 Nova Serrana";16
"314530 Novo Cruzeiro";4
"314535 Novo Oriente de Minas";4
"314545 Olhos-d'Água";1
"314560 Oliveira";4
"314590 Ouro Branco";8
"314610 Ouro Preto";4
"314625 Padre Carvalho";1
"314630 Padre Paraíso";4
"314670 Palma";1
"314675 Palmópolis";1
"314690 Papagaios";4
"314710 Pará de Minas";12
"314700 Paracatu";31
"314720 Paraguaçu";2
"314730 Paraisópolis";1
"314740 Paraopeba";3
"314760 Passa Quatro";2
"314790 Passos";6
"314800 Patos de Minas";15
"314810 Patrocínio";19
"314820 Patrocínio do Muriaé";2
"314850 Pavão";2
"314860 Peçanha";3
"314870 Pedra Azul";9
"314915 Pedras de Maria da Cruz";2
"314930 Pedro Leopoldo";9
"314960 Pequi";1
"314970 Perdigão";3
"314980 Perdizes";3
"314995 Periquito";6
"315015 Piedade de Caratinga";1
"315050 Pimenta";3
"315060 Piracema";2
"315070 Pirajuba";1
"315080 Piranga";2
"315100 Piranguinho";1
"315120 Pirapora";13
"315130 Piraúba";5
"315140 Pitangui";3
"315150 Piumhi";2
"315160 Planura";1
"315180 Poços de Caldas";4
"315190 Pocrane";1
"315200 Pompéu";25
"315210 Ponte Nova";3
"315217 Ponto dos Volantes";1
"315220 Porteirinha";2
"315230 Porto Firme";2
"315240 Poté";2
"315250 Pouso Alegre";10
"315270 Prados";2
"315280 Prata";3
"315290 Pratápolis";1
"315340 Presidente Olegário";7
"315360 Prudente de Morais";1
"315390 Raposos";1
"315415 Reduto";1
"315430 Resplendor";5
"315445 Riachinho";3
"315460 Ribeirão das Neves";68
"315480 Rio Acima";1
"315490 Rio Casca";2
"315530 Rio Manso";1
"315550 Rio Paranaíba";3
"315560 Rio Pardo de Minas";2
"315570 Rio Piracicaba";1
"315580 Rio Pomba";1
"315600 Rio Vermelho";2
"315620 Rochedo de Minas";1
"315650 Rubelita";1
"315670 Sabará";16
"315690 Sacramento";3
"315700 Salinas";2
"315710 Salto da Divisa";2
"315720 Santa Bárbara";5
"315725 Santa Bárbara do Leste";1
"315733 Santa Cruz de Minas";1
"315737 Santa Cruz de Salinas";2
"315750 Santa Efigênia de Minas";1
"315770 Santa Juliana";1
"315780 Santa Luzia";13
"315790 Santa Margarida";1
"315800 Santa Maria de Itabira";1
"315820 Santa Maria do Suaçuí";3
"315920 Santa Rita de Caldas";1
"315940 Santa Rita de Ibitipoca";1
"315935 Santa Rita de Minas";1
"315950 Santa Rita do Itueto";2
"315960 Santa Rita do Sapucaí";2
"315980 Santa Vitória";3
"315860 Santana do Deserto";2
"315890 Santana do Manhuaçu";1
"315895 Santana do Paraíso";5
"316010 Santo Antônio do Grama";1
"316030 Santo Antônio do Jacinto";1
"316040 Santo Antônio do Monte";3
"316070 Santos Dumont";4
"316080 São Bento Abade";2
"316090 São Brás do Suaçuí";1
"316095 São Domingos das Dores";1
"316100 São Domingos do Prata";2
"316110 São Francisco";4
"316120 São Francisco de Paula";1
"316140 São Francisco do Glória";2
"316160 São Geraldo da Piedade";1
"316170 São Gonçalo do Abaeté";1
"316190 São Gonçalo do Rio Abaixo";2
"316210 São Gotardo";7
"316220 São João Batista do Glória";1
"316240 São João da Ponte";4
"316245 São João das Missões";1
"316250 São João del Rei";7
"316255 São João do Manhuaçu";5
"316260 São João do Oriente";1
"316270 São João do Paraíso";1
"316290 São João Nepomuceno";12
"316292 São Joaquim de Bicas";9
"316295 São José da Lapa";7
"316350 São José do Jacuri";1
"316370 São Lourenço";4
"316410 São Pedro do Suaçuí";2
"316400 São Pedro dos Ferros";2
"316420 São Romão";3
"316447 São Sebastião do Anta";1
"316450 São Sebastião do Maranhão";1
"316460 São Sebastião do Oeste";1
"316470 São Sebastião do Paraíso";8
"316500 São Tiago";1
"316550 Sardoá";1
"316553 Sarzedo";4
"316570 Senador Firmino";1
"316620 Senhora dos Remédios";1
"316630 Sericita";1
"316660 Serra da Saudade";1
"316680 Serra do Salitre";5
"316670 Serra dos Aimorés";2
"316690 Serrania";1
"316710 Serro";1
"316720 Sete Lagoas";50
"316555 Setubinha";1
"316760 Simonésia";7
"316770 Sobrália";1
"316780 Soledade de Minas";1
"316800 Taiobeiras";1
"316840 Tarumirim";1
"316850 Teixeiras";4
"316860 Teófilo Otoni";13
"316870 Timóteo";17
"316900 Tocantins";5
"316920 Tombos";1
"316930 Três Corações";13
"316935 Três Marias";6
"316940 Três Pontas";5
"316950 Tumiritinga";5
"316960 Tupaciguara";5
"316970 Turmalina";2
"316990 Ubá";17
"317000 Ubaí";1
"317005 Ubaporanga";1
"317010 Uberaba";39
"317020 Uberlândia";39
"317030 Umburatiba";1
"317040 Unaí";14
"317050 Urucânia";1
"317052 Urucuia";2
"317057 Vargem Alegre";1
"317070 Varginha";10
"317080 Várzea da Palma";4
"317090 Varzelândia";1
"317100 Vazante";1
"317103 Verdelândia";1
"317120 Vespasiano";21
"317130 Viçosa";25
"317160 Virgem da Lapa";1
"317170 Virgínia";1
"317180 Virginópolis";2
"317190 Virgolândia";1
"317200 Visconde do Rio Branco";13
"310000 Município ignorado - MG";18
"320010 Afonso Cláudio";8
"320013 Águia Branca";3
"320020 Alegre";4
"320035 Alto Rio Novo";1
"320040 Anchieta";10
"320050 Apiacá";1
"320060 Aracruz";22
"320070 Atilio Vivacqua";2
"320080 Baixo Guandu";22
"320090 Barra de São Francisco";6
"320100 Boa Esperança";7
"320110 Bom Jesus do Norte";1
"320115 Brejetuba";7
"320120 Cachoeiro de Itapemirim";40
"320130 Cariacica";163
"320140 Castelo";2
"320150 Colatina";18
"320160 Conceição da Barra";24
"320170 Conceição do Castelo";5
"320190 Domingos Martins";2
"320200 Dores do Rio Preto";1
"320210 Ecoporanga";11
"320220 Fundão";6
"320225 Governador Lindenberg";1
"320230 Guaçuí";5
"320240 Guarapari";33
"320245 Ibatiba";14
"320250 Ibiraçu";1
"320255 Ibitirama";2
"320260 Iconha";4
"320265 Irupi";2
"320270 Itaguaçu";1
"320280 Itapemirim";5
"320290 Itarana";2
"320300 Iúna";3
"320305 Jaguaré";25
"320320 Linhares";77
"320330 Mantenópolis";7
"320332 Marataízes";5
"320334 Marechal Floriano";3
"320335 Marilândia";2
"320340 Mimoso do Sul";3
"320350 Montanha";3
"320360 Mucurici";1
"320370 Muniz Freire";1
"320380 Muqui";1
"320390 Nova Venécia";12
"320400 Pancas";4
"320405 Pedro Canário";19
"320410 Pinheiros";19
"320420 Piúma";4
"320425 Ponto Belo";1
"320430 Presidente Kennedy";3
"320440 Rio Novo do Sul";2
"320450 Santa Leopoldina";1
"320455 Santa Maria de Jetibá";2
"320460 Santa Teresa";4
"320465 São Domingos do Norte";1
"320470 São Gabriel da Palha";10
"320490 São Mateus";49
"320495 São Roque do Canaã";1
"320500 Serra";207
"320501 Sooretama";13
"320503 Vargem Alta";4
"320506 Venda Nova do Imigrante";3
"320510 Viana";25
"320515 Vila Pavão";5
"320517 Vila Valério";11
"320520 Vila Velha";156
"320530 Vitória";85
"320000 Município ignorado - ES";17
"330010 Angra dos Reis";85
"330015 Aperibé";2
"330020 Araruama";35
"330023 Armação dos Búzios";16
"330025 Arraial do Cabo";8
"330030 Barra do Piraí";28
"330040 Barra Mansa";47
"330045 Belford Roxo";163
"330050 Bom Jardim";5
"330060 Bom Jesus do Itabapoana";4
"330070 Cabo Frio";90
"330080 Cachoeiras de Macacu";15
"330100 Campos dos Goytacazes";147
"330110 Cantagalo";1
"330093 Carapebus";10
"330115 Cardoso Moreira";4
"330130 Casimiro de Abreu";18
"330140 Conceição de Macabu";11
"330150 Cordeiro";2
"330170 Duque de Caxias";265
"330180 Engenheiro Paulo de Frontin";1
"330185 Guapimirim";32
"330187 Iguaba Grande";10
"330190 Itaboraí";84
"330200 Itaguaí";36
"330205 Italva";4
"330210 Itaocara";3
"330220 Itaperuna";43
"330225 Itatiaia";13
"330227 Japeri";34
"330230 Laje do Muriaé";4
"330240 Macaé";131
"330245 Macuco";1
"330250 Magé";88
"330260 Mangaratiba";11
"330270 Maricá";49
"330280 Mendes";3
"330285 Mesquita";37
"330290 Miguel Pereira";10
"330300 Miracema";8
"330310 Natividade";3
"330320 Nilópolis";49
"330330 Niterói";92
"330340 Nova Friburgo";21
"330350 Nova Iguaçu";218
"330360 Paracambi";14
"330370 Paraíba do Sul";2
"330380 Paraty";23
"330385 Paty do Alferes";10
"330390 Petrópolis";28
"330395 Pinheiral";3
"330400 Piraí";2
"330410 Porciúncula";2
"330411 Porto Real";8
"330412 Quatis";3
"330414 Queimados";41
"330415 Quissamã";9
"330420 Resende";55
"330430 Rio Bonito";3
"330440 Rio Claro";4
"330452 Rio das Ostras";80
"330455 Rio de Janeiro";1004
"330460 Santa Maria Madalena";5
"330470 Santo Antônio de Pádua";14
"330480 São Fidélis";3
"330475 São Francisco de Itabapoana";19
"330490 São Gonçalo";367
"330500 São João da Barra";7
"330510 São João de Meriti";138
"330515 São José do Vale do Rio Preto";5
"330520 São Pedro da Aldeia";40
"330550 Saquarema";16
"330555 Seropédica";12
"330560 Silva Jardim";6
"330570 Sumidouro";1
"330575 Tanguá";5
"330580 Teresópolis";22
"330590 Trajano de Moraes";2
"330600 Três Rios";22
"330610 Valença";8
"330615 Varre-Sai";2
"330620 Vassouras";7
"330630 Volta Redonda";83
"330000 Município ignorado - RJ";221
"350020 Adolfo";1
"350030 Aguaí";1
"350050 Águas de Lindóia";2
"350055 Águas de Santa Bárbara";2
"350070 Agudos";4
"350090 Altair";1
"350115 Alumínio";3
"350130 Álvares Machado";4
"350160 Americana";18
"350170 Américo Brasiliense";3
"350190 Amparo";3
"350210 Andradina";4
"350220 Angatuba";1
"350250 Aparecida";2
"350270 Apiaí";1
"350275 Araçariguama";4
"350280 Araçatuba";36
"350290 Araçoiaba da Serra";1
"350300 Aramina";1
"350320 Araraquara";14
"350330 Araras";17
"350340 Arealva";1
"350350 Areias";1
"350360 Areiópolis";2
"350380 Artur Nogueira";4
"350390 Arujá";8
"350400 Assis";4
"350410 Atibaia";7
"350440 Avanhandava";1
"350450 Avaré";2
"350460 Bady Bassitt";3
"350470 Balbinos";1
"350500 Barão de Antonina";1
"350520 Bariri";4
"350530 Barra Bonita";1
"350540 Barra do Turvo";1
"350550 Barretos";8
"350560 Barrinha";3
"350570 Barueri";25
"350580 Bastos";2
"350590 Batatais";1
"350600 Bauru";37
"350610 Bebedouro";5
"350635 Bertioga";9
"350650 Birigui";19
"350660 Biritiba-Mirim";4
"350680 Bocaina";1
"350690 Bofete";1
"350700 Boituva";8
"350710 Bom Jesus dos Perdões";1
"350750 Botucatu";9
"350760 Bragança Paulista";10
"350775 Brejo Alegre";2
"350780 Brodowski";4
"350790 Brotas";2
"350800 Buri";2
"350810 Buritama";1
"350830 Cabrália Paulista";2
"350840 Cabreúva";4
"350850 Caçapava";24
"350860 Cachoeira Paulista";4
"350870 Caconde";1
"350900 Caieiras";2
"350920 Cajamar";7
"350925 Cajati";1
"350940 Cajuru";4
"350945 Campina do Monte Alegre";2
"350950 Campinas";154
"350960 Campo Limpo Paulista";9
"350970 Campos do Jordão";3
"351000 Cândido Mota";2
"351020 Capão Bonito";4
"351030 Capela do Alto";1
"351040 Capivari";2
"351050 Caraguatatuba";35
"351060 Carapicuíba";33
"351070 Cardoso";1
"351080 Casa Branca";5
"351100 Castilho";4
"351110 Catanduva";7
"351150 Cerquilho";1
"351160 Cesário Lange";4
"351170 Charqueada";7
"355720 Chavantes";4
"351200 Colina";2
"351220 Conchal";3
"351240 Cordeirópolis";1
"351280 Cosmópolis";11
"351290 Cosmorama";1
"351300 Cotia";28
"351310 Cravinhos";5
"351340 Cruzeiro";33
"351350 Cubatão";10
"351360 Cunha";4
"351380 Diadema";44
"351400 Dobrada";1
"351410 Dois Córregos";5
"351440 Dracena";1
"351460 Dumont";1
"351480 Eldorado";1
"351490 Elias Fausto";1
"351500 Embu das Artes";13
"351510 Embu-Guaçu";6
"351512 Emilianópolis";1
"351515 Engenheiro Coelho";2
"351518 Espírito Santo do Pinhal";3
"351519 Espírito Santo do Turvo";1
"355730 Estiva Gerbi";1
"351535 Euclides da Cunha Paulista";1
"351540 Fartura";1
"351550 Fernandópolis";3
"351570 Ferraz de Vasconcelos";23
"351620 Franca";22
"351630 Francisco Morato";19
"351640 Franco da Rocha";14
"351660 Gália";1
"351670 Garça";6
"351685 Gavião Peixoto";1
"351730 Guaimbê";1
"351740 Guaíra";1
"351760 Guapiara";2
"351770 Guará";1
"351780 Guaraçaí";1
"351790 Guaraci";2
"351820 Guararapes";6
"351830 Guararema";3
"351840 Guaratinguetá";28
"351860 Guariba";6
"351870 Guarujá";30
"351880 Guarulhos";111
"351905 Holambra";1
"351907 Hortolândia";30
"351910 Iacanga";1
"351925 Iaras";2
"351930 Ibaté";2
"351940 Ibirá";2
"351950 Ibirarema";2
"351960 Ibitinga";2
"351970 Ibiúna";8
"351990 Iepê";1
"352000 Igaraçu do Tietê";3
"352010 Igarapava";3
"352030 Iguape";4
"352040 Ilhabela";4
"352050 Indaiatuba";4
"352060 Indiana";1
"352090 Ipaussu";2
"352100 Iperó";5
"352110 Ipeúna";1
"352115 Ipiguá";1
"352130 Ipuã";3
"352140 Iracemápolis";1
"352170 Itaberá";1
"352180 Itaí";2
"352190 Itajobi";2
"352210 Itanhaém";10
"352220 Itapecerica da Serra";12
"352230 Itapetininga";11
"352240 Itapeva";5
"352250 Itapevi";19
"352260 Itapira";7
"352270 Itápolis";2
"352280 Itaporanga";4
"352290 Itapuí";1
"352310 Itaquaquecetuba";41
"352320 Itararé";2
"352330 Itariri";1
"352340 Itatiba";11
"352350 Itatinga";1
"352360 Itirapina";2
"352390 Itu";14
"352400 Itupeva";6
"352410 Ituverava";3
"352430 Jaboticabal";6
"352440 Jacareí";41
"352470 Jaguariúna";3
"352480 Jales";1
"352500 Jandira";13
"352510 Jardinópolis";3
"352520 Jarinu";5
"352530 Jaú";4
"352550 Joanópolis";1
"352570 José Bonifácio";5
"352580 Júlio Mesquita";2
"352590 Jundiaí";26
"352600 Junqueirópolis";3
"352610 Juquiá";2
"352630 Lagoinha";2
"352640 Laranjal Paulista";3
"352670 Leme";14
"352680 Lençóis Paulista";5
"352690 Limeira";17
"352710 Lins";9
"352720 Lorena";22
"352730 Louveira";2
"352760 Luís Antônio";1
"352800 Macatuba";1
"352820 Macedônia";1
"352840 Mairinque";2
"352850 Mairiporã";8
"352870 Marabá Paulista";1
"352900 Marília";18
"352920 Martinópolis";4
"352930 Matão";3
"352940 Mauá";30
"352970 Miguelópolis";3
"352990 Miracatu";4
"353010 Mirandópolis";4
"353020 Mirante do Paranapanema";1
"353030 Mirassol";2
"353050 Mococa";4
"353060 Mogi das Cruzes";21
"353070 Mogi Guaçu";14
"353080 Mogi Mirim";7
"353110 Mongaguá";3
"353130 Monte Alto";2
"353140 Monte Aprazível";1
"353180 Monte Mor";8
"353190 Morro Agudo";3
"353215 Nantes";1
"353230 Natividade da Serra";1
"353240 Nazaré Paulista";4
"353280 Nova Aliança";1
"353284 Nova Canaã Paulista";1
"353310 Nova Guataporanga";1
"353340 Nova Odessa";2
"353350 Novo Horizonte";5
"353370 Ocauçu";1
"353390 Olímpia";4
"353430 Orlândia";2
"353440 Osasco";75
"353460 Osvaldo Cruz";2
"353470 Ourinhos";7
"353510 Palmares Paulista";1
"353520 Palmeira d'Oeste";2
"353530 Palmital";1
"353540 Panorama";2
"353550 Paraguaçu Paulista";2
"353580 Paranapanema";1
"353600 Parapuã";1
"353630 Patrocínio Paulista";1
"353640 Paulicéia";1
"353650 Paulínia";1
"353670 Pederneiras";1
"353700 Pedregulho";1
"353710 Pedreira";2
"353720 Pedro de Toledo";2
"353730 Penápolis";4
"353740 Pereira Barreto";1
"353760 Peruíbe";13
"353770 Piacatu";1
"353780 Piedade";5
"353790 Pilar do Sul";4
"353800 Pindamonhangaba";20
"353820 Pinhalzinho";1
"353860 Piracaia";5
"353870 Piracicaba";27
"353880 Piraju";2
"353890 Pirajuí";1
"353900 Pirangi";5
"353910 Pirapora do Bom Jesus";4
"353920 Pirapozinho";3
"353930 Pirassununga";4
"353940 Piratininga";2
"353950 Pitangueiras";2
"353980 Poá";5
"353990 Poloni";1
"354020 Pontal";2
"354050 Porangaba";1
"354070 Porto Ferreira";4
"354075 Potim";3
"354080 Potirendaba";2
"354090 Pradópolis";2
"354100 Praia Grande";33
"354105 Pratânia";1
"354110 Presidente Alves";1
"354120 Presidente Bernardes";2
"354130 Presidente Epitácio";1
"354140 Presidente Prudente";24
"354160 Promissão";2
"354180 Queiroz";1
"354190 Queluz";1
"354210 Rafard";1
"354220 Rancharia";6
"354240 Regente Feijó";3
"354250 Reginópolis";1
"354260 Registro";1
"354270 Restinga";1
"354300 Ribeirão Branco";2
"354325 Ribeirão Grande";1
"354330 Ribeirão Pires";8
"354340 Ribeirão Preto";68
"354390 Rio Claro";23
"354400 Rio das Pedras";2
"354410 Rio Grande da Serra";1
"354420 Riolândia";2
"354425 Rosana";2
"354430 Roseira";1
"354440 Rubiácea";1
"354460 Sabino";3
"354500 Salesópolis";2
"354520 Salto";9
"354530 Salto de Pirapora";4
"354540 Salto Grande";1
"354560 Santa Adélia";2
"354580 Santa Bárbara d'Oeste";7
"354600 Santa Branca";1
"354630 Santa Cruz das Palmeiras";1
"354660 Santa Fé do Sul";1
"354670 Santa Gertrudes";3
"354680 Santa Isabel";7
"354690 Santa Lúcia";1
"354700 Santa Maria da Serra";1
"354750 Santa Rita do Passa Quatro";3
"354760 Santa Rosa de Viterbo";3
"354730 Santana de Parnaíba";6
"354770 Santo Anastácio";2
"354780 Santo André";60
"354790 Santo Antônio da Alegria";1
"354800 Santo Antônio de Posse";2
"354805 Santo Antônio do Aracanguá";1
"354830 Santo Expedito";2
"354840 Santópolis do Aguapeí";1
"354850 Santos";18
"354870 São Bernardo do Campo";62
"354880 São Caetano do Sul";3
"354890 São Carlos";20
"354900 São Francisco";1
"354910 São João da Boa Vista";5
"354940 São Joaquim da Barra";1
"354970 São José do Rio Pardo";4
"354980 São José do Rio Preto";43
"354990 São José dos Campos";63
"354995 São Lourenço da Serra";1
"355000 São Luís do Paraitinga";2
"355010 São Manuel";2
"355030 São Paulo";374
"355040 São Pedro";1
"355050 São Pedro do Turvo";2
"355060 São Roque";6
"355070 São Sebastião";9
"355080 São Sebastião da Grama";1
"355100 São Vicente";29
"355110 Sarapuí";3
"355150 Serrana";4
"355170 Sertãozinho";8
"355180 Sete Barras";3
"355190 Severínia";6
"355200 Silveiras";1
"355210 Socorro";7
"355220 Sorocaba";62
"355240 Sumaré";32
"355255 Suzanápolis";3
"355250 Suzano";28
"355260 Tabapuã";1
"355270 Tabatinga";2
"355280 Taboão da Serra";23
"355310 Taiaçu";1
"355330 Tambaú";3
"355340 Tanabi";3
"355350 Tapiraí";2
"355370 Taquaritinga";2
"355380 Taquarituba";1
"355385 Taquarivaí";1
"355400 Tatuí";10
"355410 Taubaté";16
"355430 Teodoro Sampaio";1
"355470 Torrinha";1
"355480 Tremembé";3
"355500 Tupã";3
"355540 Ubatuba";19
"355570 União Paulista";1
"355600 Urupês";1
"355620 Valinhos";5
"355630 Valparaíso";3
"355635 Vargem";1
"355640 Vargem Grande do Sul";3
"355645 Vargem Grande Paulista";6
"355650 Várzea Paulista";12
"355680 Viradouro";1
"355700 Votorantim";5
"355710 Votuporanga";3
"355715 Zacarias";1
"350000 Município ignorado - SP";77
"410010 Abatiá";1
"410030 Agudos do Sul";1
"410040 Almirante Tamandaré";36
"410060 Alto Paraná";6
"410070 Alto Piquiri";1
"410050 Altônia";8
"410080 Alvorada do Sul";4
"410090 Amaporã";2
"410100 Ampére";1
"410105 Anahy";1
"410115 Ângulo";1
"410120 Antonina";3
"410130 Antônio Olinto";1
"410140 Apucarana";9
"410150 Arapongas";16
"410160 Arapoti";2
"410165 Arapuã";1
"410170 Araruna";1
"410180 Araucária";31
"410190 Assaí";1
"410200 Assis Chateaubriand";7
"410230 Balsa Nova";1
"410240 Bandeirantes";9
"410250 Barbosa Ferraz";2
"410270 Barra do Jacaré";1
"410260 Barracão";1
"410280 Bela Vista do Paraíso";2
"410290 Bituruna";5
"410302 Boa Esperança do Iguaçu";1
"410304 Boa Ventura de São Roque";2
"410310 Bocaiúva do Sul";5
"410315 Bom Jesus do Sul";2
"410320 Bom Sucesso";3
"410322 Bom Sucesso do Sul";1
"410330 Borrazópolis";1
"410335 Braganey";1
"410345 Cafelândia";1
"410350 Califórnia";1
"410360 Cambará";1
"410370 Cambé";15
"410380 Cambira";2
"410390 Campina da Lagoa";6
"410400 Campina Grande do Sul";12
"410420 Campo Largo";25
"410425 Campo Magro";6
"410430 Campo Mourão";29
"410440 Cândido de Abreu";2
"410442 Candói";3
"410445 Cantagalo";3
"410450 Capanema";4
"410460 Capitão Leônidas Marques";2
"410465 Carambeí";1
"410480 Cascavel";66
"410490 Castro";5
"410500 Catanduvas";1
"410510 Centenário do Sul";2
"410520 Cerro Azul";1
"410530 Céu Azul";1
"410550 Cianorte";6
"410560 Cidade Gaúcha";3
"410570 Clevelândia";3
"410580 Colombo";46
"410590 Colorado";4
"410600 Congonhinhas";1
"410610 Conselheiro Mairinck";3
"410620 Contenda";5
"410630 Corbélia";2
"410640 Cornélio Procópio";7
"410645 Coronel Domingos Soares";1
"410650 Coronel Vivida";3
"410680 Cruz Machado";3
"410657 Cruzeiro do Iguaçu";1
"410660 Cruzeiro do Oeste";4
"410685 Cruzmaltina";1
"410690 Curitiba";265
"410700 Curiúva";4
"410715 Diamante D'Oeste";2
"410720 Dois Vizinhos";5
"410725 Douradina";3
"410740 Enéas Marques";1
"410750 Engenheiro Beltrão";2
"410753 Entre Rios do Oeste";1
"410752 Esperança Nova";1
"410754 Espigão Alto do Iguaçu";3
"410760 Faxinal";2
"410765 Fazenda Rio Grande";41
"410785 Flor da Serra do Sul";1
"410800 Florestópolis";3
"410830 Foz do Iguaçu";90
"410845 Foz do Jordão";1
"410832 Francisco Alves";1
"410840 Francisco Beltrão";14
"410850 General Carneiro";4
"410855 Godoy Moreira";1
"410860 Goioerê";9
"410865 Goioxim";4
"410880 Guaíra";11
"410890 Guairaçá";2
"410920 Guaraci";1
"410930 Guaraniaçu";5
"410940 Guarapuava";27
"410950 Guaraqueçaba";3
"410960 Guaratuba";19
"410970 Ibaiti";2
"410975 Ibema";2
"410980 Ibiporã";21
"410990 Icaraíma";3
"411000 Iguaraçu";2
"411007 Imbaú";4
"411010 Imbituva";4
"411020 Inácio Martins";2
"411030 Inajá";1
"411050 Ipiranga";1
"411060 Iporã";3
"411070 Irati";5
"411080 Iretama";1
"411095 Itaipulândia";4
"411100 Itambaracá";1
"411120 Itapejara d'Oeste";1
"411125 Itaperuçu";8
"411140 Ivaí";1
"411150 Ivaiporã";3
"411155 Ivaté";1
"411170 Jaboti";1
"411180 Jacarezinho";6
"411190 Jaguapitã";1
"411200 Jaguariaíva";8
"411210 Jandaia do Sul";4
"411220 Janiópolis";2
"411230 Japira";1
"411260 Jardim Olinda";1
"411270 Jataizinho";5
"411275 Jesuítas";1
"411295 Juranda";4
"411320 Lapa";4
"411325 Laranjal";4
"411330 Laranjeiras do Sul";11
"411345 Lindoeste";2
"411350 Loanda";4
"411370 Londrina";96
"411380 Lupionópolis";1
"411390 Mallet";2
"411410 Mandaguaçu";2
"411420 Mandaguari";2
"411430 Mandirituba";4
"411440 Mangueirinha";1
"411450 Manoel Ribas";1
"411460 Marechal Cândido Rondon";12
"411470 Maria Helena";1
"411480 Marialva";5
"411500 Marilena";2
"411510 Mariluz";5
"411520 Maringá";38
"411540 Marmeleiro";1
"411550 Marumbi";2
"411560 Matelândia";3
"411570 Matinhos";17
"411573 Mato Rico";2
"411575 Mauá da Serra";2
"411580 Medianeira";12
"411590 Mirador";1
"411605 Missal";1
"411610 Moreira Sales";6
"411620 Morretes";3
"411640 Nossa Senhora das Graças";2
"411650 Nova Aliança do Ivaí";1
"411660 Nova América da Colina";1
"411670 Nova Aurora";1
"411690 Nova Esperança";4
"411700 Nova Fátima";2
"411705 Nova Laranjeiras";2
"411710 Nova Londrina";2
"411720 Nova Olímpia";2
"411725 Nova Prata do Iguaçu";1
"411721 Nova Santa Bárbara";1
"411722 Nova Santa Rosa";1
"411727 Nova Tebas";2
"411730 Ortigueira";1
"411745 Ouro Verde do Oeste";1
"411750 Paiçandu";8
"411760 Palmas";11
"411770 Palmeira";3
"411780 Palmital";2
"411790 Palotina";3
"411800 Paraíso do Norte";4
"411820 Paranaguá";73
"411840 Paranavaí";19
"411850 Pato Branco";9
"411870 Paulo Frontin";1
"411880 Peabiru";3
"411885 Perobal";1
"411890 Pérola";3
"411915 Pinhais";29
"411925 Pinhal de São Bento";1
"411930 Pinhão";14
"411940 Piraí do Sul";5
"411950 Piraquara";42
"411960 Pitanga";5
"411970 Planaltina do Paraná";2
"411990 Ponta Grossa";50
"411995 Pontal do Paraná";12
"412000 Porecatu";8
"412020 Porto Rico";1
"412033 Prado Ferreira";1
"412060 Prudentópolis";10
"412080 Quatro Barras";1
"412090 Quedas do Iguaçu";11
"412100 Querência do Norte";2
"412125 Ramilândia";2
"412140 Realeza";3
"412150 Rebouças";2
"412170 Reserva";9
"412175 Reserva do Iguaçu";3
"412180 Ribeirão Claro";1
"412190 Ribeirão do Pinhal";6
"412200 Rio Azul";1
"412215 Rio Bonito do Iguaçu";9
"412220 Rio Branco do Sul";14
"412230 Rio Negro";3
"412240 Rolândia";9
"412250 Roncador";2
"412280 Salgado Filho";1
"412300 Salto do Lontra";3
"412320 Santa Cecília do Pavão";2
"412330 Santa Cruz de Monte Castelo";5
"412340 Santa Fé";3
"412350 Santa Helena";8
"412370 Santa Isabel do Ivaí";9
"412380 Santa Izabel do Oeste";1
"412385 Santa Maria do Oeste";1
"412390 Santa Mariana";3
"412395 Santa Mônica";1
"412402 Santa Tereza do Oeste";1
"412405 Santa Terezinha de Itaipu";4
"412400 Santana do Itararé";1
"412410 Santo Antônio da Platina";5
"412420 Santo Antônio do Caiuá";1
"412430 Santo Antônio do Paraíso";1
"412440 Santo Antônio do Sudoeste";3
"412460 São Carlos do Ivaí";1
"412470 São Jerônimo da Serra";5
"412480 São João";1
"412490 São João do Caiuá";2
"412500 São João do Ivaí";1
"412540 São José da Boa Vista";1
"412545 São José das Palmeiras";2
"412550 São José dos Pinhais";48
"412560 São Mateus do Sul";3
"412570 São Miguel do Iguaçu";8
"412575 São Pedro do Iguaçu";2
"412580 São Pedro do Ivaí";3
"412590 São Pedro do Paraná";1
"412600 São Sebastião da Amoreira";3
"412620 Sapopema";4
"412625 Sarandi";31
"412627 Saudade do Iguaçu";2
"412630 Sengés";4
"412650 Sertanópolis";9
"412660 Siqueira Campos";1
"412667 Tamarana";4
"412670 Tamboara";1
"412680 Tapejara";8
"412690 Tapira";1
"412710 Telêmaco Borba";7
"412720 Terra Boa";7
"412730 Terra Rica";2
"412740 Terra Roxa";3
"412750 Tibagi";3
"412770 Toledo";24
"412780 Tomazina";1
"412785 Três Barras do Paraná";3
"412800 Ubiratã";1
"412810 Umuarama";24
"412820 União da Vitória";11
"412853 Ventania";4
"412855 Vera Cruz do Oeste";2
"412865 Virmond";1
"412870 Vitorino";1
"410000 Município ignorado - PR";15
"420005 Abdon Batista";1
"420010 Abelardo Luz";3
"420020 Agrolândia";3
"420050 Águas de Chapecó";1
"420055 Águas Frias";1
"420070 Alfredo Wagner";1
"420130 Araquari";10
"420140 Araranguá";13
"420170 Ascurra";1
"420195 Balneário Arroio do Silva";8
"420205 Balneário Barra do Sul";2
"420200 Balneário Camboriú";14
"420207 Balneário Gaivota";3
"421280 Balneário Piçarras";2
"422000 Balneário Rincão";1
"420210 Barra Velha";8
"420215 Belmonte";1
"420230 Biguaçu";11
"420240 Blumenau";26
"420250 Bom Jardim da Serra";1
"420253 Bom Jesus";1
"420260 Bom Retiro";3
"420245 Bombinhas";2
"420290 Brusque";4
"420300 Caçador";13
"420315 Calmon";2
"420320 Camboriú";14
"420330 Campo Alegre";1
"420340 Campo Belo do Sul";1
"420360 Campos Novos";5
"420370 Canelinha";1
"420380 Canoinhas";8
"420390 Capinzal";1
"420395 Capivari de Baixo";1
"420400 Catanduvas";2
"420410 Caxambu do Sul";1
"420420 Chapecó";33
"420425 Cocal do Sul";1
"420430 Concórdia";5
"420455 Correia Pinto";1
"420460 Criciúma";11
"420480 Curitibanos";5
"420490 Descanso";1
"420517 Entre Rios";1
"420520 Erval Velho";1
"420530 Faxinal dos Guedes";1
"420540 Florianópolis";56
"420545 Forquilhinha";2
"420550 Fraiburgo";6
"420570 Garopaba";4
"420580 Garuva";3
"420590 Gaspar";8
"420610 Grão Pará";1
"420650 Guaramirim";2
"420665 Guatambú";1
"420690 Ibirama";1
"420700 Içara";1
"420720 Imaruí";3
"420730 Imbituba";3
"420740 Imbuia";1
"420750 Indaial";7
"420768 Ipuaçu";3
"420780 Irani";1
"420790 Irineópolis";1
"420810 Itaiópolis";4
"420820 Itajaí";24
"420830 Itapema";14
"420840 Itapiranga";1
"420845 Itapoá";9
"420850 Ituporanga";5
"420880 Jaguaruna";4
"420890 Jaraguá do Sul";3
"420910 Joinville";69
"420930 Lages";11
"420940 Laguna";2
"420960 Lauro Muller";2
"420970 Lebon Régis";7
"421000 Luiz Alves";1
"421003 Luzerna";1
"421010 Mafra";7
"421040 Maracajá";1
"421060 Massaranduba";1
"421100 Mondaí";3
"421110 Monte Castelo";1
"421130 Navegantes";14
"421145 Nova Itaberaba";3
"421170 Orleans";1
"421175 Otacílio Costa";1
"421190 Palhoça";13
"421210 Palmitos";1
"421220 Papanduva";2
"421225 Passo de Torres";1
"421227 Passos Maia";1
"421250 Penha";2
"421290 Pinhalzinho";1
"421310 Piratuba";1
"421320 Pomerode";1
"421330 Ponte Alta";3
"421350 Porto Belo";3
"421360 Porto União";1
"421370 Pouso Redondo";1
"421400 Presidente Getúlio";1
"421480 Rio do Sul";5
"421500 Rio Negrinho";7
"421505 Rio Rufino";1
"421510 Rodeio";2
"421550 Santa Cecília";3
"421565 Santa Rosa do Sul";2
"421567 Santa Terezinha";3
"421570 Santo Amaro da Imperatriz";2
"421580 São Bento do Sul";2
"421590 São Bonifácio";1
"421610 São Domingos";1
"421620 São Francisco do Sul";12
"421630 São João Batista";5
"421650 São Joaquim";7
"421660 São José";17
"421680 São José do Cerrito";1
"421720 São Miguel do Oeste";1
"421725 São Pedro de Alcântara";1
"421730 Saudades";2
"421750 Seara";1
"421760 Siderópolis";1
"421770 Sombrio";5
"421800 Tijucas";12
"421825 Timbó Grande";3
"421830 Três Barras";4
"421835 Treviso";1
"421870 Tubarão";2
"421880 Turvo";1
"421890 Urubici";1
"421900 Urussanga";3
"421920 Vidal Ramos";2
"421930 Videira";5
"421935 Vitor Meireles";1
"421950 Xanxerê";13
"421970 Xaxim";4
"420000 Município ignorado - SC";3
"430003 Aceguá";1
"430010 Agudo";2
"430030 Alecrim";2
"430040 Alegrete";11
"430047 Almirante Tamandaré do Sul";1
"430050 Alpestre";1
"430060 Alvorada";124
"430063 Amaral Ferrador";7
"430064 Ametista do Sul";1
"430080 Antônio Prado";2
"430087 Araricá";2
"430090 Aratiba";1
"430100 Arroio do Meio";1
"430105 Arroio do Sal";2
"430120 Arroio do Tigre";4
"430110 Arroio dos Ratos";1
"430130 Arroio Grande";2
"430160 Bagé";12
"430163 Balneário Pinhal";2
"430170 Barão de Cotegipe";1
"430175 Barão do Triunfo";1
"430185 Barra do Guarita";1
"430190 Barra do Ribeiro";7
"430180 Barracão";2
"430200 Barros Cassal";3
"430210 Bento Gonçalves";29
"430222 Boa Vista do Cadeado";1
"430230 Bom Jesus";4
"430240 Bom Retiro do Sul";2
"430250 Bossoroca";1
"430265 Brochier";1
"430270 Butiá";9
"430280 Caçapava do Sul";5
"430290 Cacequi";1
"430300 Cachoeira do Sul";4
"430310 Cachoeirinha";25
"430320 Cacique Doble";1
"430350 Camaquã";11
"430370 Campina das Missões";1
"430390 Campo Bom";10
"430410 Campos Borges";2
"430420 Candelária";6
"430435 Candiota";1
"430440 Canela";12
"430450 Canguçu";7
"430460 Canoas";56
"430463 Capão da Canoa";6
"430466 Capão do Leão";7
"430468 Capela de Santana";4
"430470 Carazinho";20
"430490 Casca";3
"430500 Catuípe";1
"430510 Caxias do Sul";110
"430517 Cerro Grande do Sul";1
"430520 Cerro Largo";2
"430535 Charqueadas";3
"430545 Cidreira";8
"430550 Ciríaco";1
"430580 Constantina";3
"430587 Coronel Barros";1
"430590 Coronel Bicaco";2
"430600 Crissiumal";1
"430605 Cristal";2
"430607 Cristal do Sul";1
"430610 Cruz Alta";24
"430620 Cruzeiro do Sul";5
"430632 Derrubadas";2
"430637 Dilermando de Aguiar";1
"430645 Dois Lajeados";1
"430650 Dom Feliciano";4
"430660 Dom Pedrito";8
"430676 Eldorado do Sul";6
"430680 Encantado";4
"430690 Encruzilhada do Sul";6
"430695 Entre Rios do Sul";1
"430693 Entre-Ijuís";1
"430700 Erechim";19
"430720 Erval Grande";1
"430760 Estância Velha";7
"430770 Esteio";16
"430780 Estrela";7
"430781 Estrela Velha";1
"430790 Farroupilha";20
"430807 Fazenda Vilanova";1
"430810 Feliz";1
"430820 Flores da Cunha";7
"430830 Fontoura Xavier";5
"430850 Frederico Westphalen";6
"430860 Garibaldi";7
"430885 Gentil";1
"430890 Getúlio Vargas";2
"430910 Gramado";8
"430920 Gravataí";56
"430930 Guaíba";20
"430940 Guaporé";8
"430950 Guarani das Missões";1
"430955 Harmonia";1
"430957 Herveiras";1
"430960 Horizontina";1
"430965 Hulha Negra";2
"430975 Ibarama";1
"430980 Ibiaçá";1
"430990 Ibiraiaras";3
"431000 Ibirubá";3
"431010 Igrejinha";1
"431020 Ijuí";23
"431033 Imbé";7
"431040 Independência";1
"431050 Iraí";5
"431055 Itacurubi";1
"431057 Itapuca";1
"431060 Itaqui";4
"431070 Itatiba do Sul";1
"431080 Ivoti";1
"431085 Jaboticaba";3
"431100 Jaguarão";7
"431110 Jaguari";1
"431112 Jaquirana";2
"431120 Júlio de Castilhos";3
"431123 Lagoa Bonita do Sul";1
"431130 Lagoa Vermelha";11
"431125 Lagoão";2
"431140 Lajeado";19
"431150 Lavras do Sul";1
"431173 Mampituba";2
"431180 Marau";6
"431190 Marcelino Ramos";1
"431198 Mariana Pimentel";2
"431205 Marques de Souza";1
"431213 Mato Castelhano";1
"431225 Minas do Leão";4
"431238 Monte Belo do Sul";1
"431240 Montenegro";9
"431244 Morrinhos do Sul";1
"431250 Mostardas";4
"431260 Muçum";1
"431261 Muitos Capões";1
"431270 Nonoai";9
"431275 Nova Alvorada";2
"431290 Nova Bassano";1
"431306 Nova Hartz";2
"431320 Nova Petrópolis";3
"431330 Nova Prata";4
"431337 Nova Santa Rita";4
"431340 Novo Hamburgo";24
"431350 Osório";18
"431360 Paim Filho";1
"431365 Palmares do Sul";3
"431370 Palmeira das Missões";5
"431380 Palmitinho";1
"431390 Panambi";2
"431395 Pantano Grande";1
"431400 Paraí";1
"431403 Pareci Novo";1
"431405 Parobé";10
"431410 Passo Fundo";46
"431440 Pelotas";35
"431445 Pinhal";2
"431449 Pinheirinho do Vale";1
"431450 Pinheiro Machado";1
"431460 Piratini";5
"431470 Planalto";5
"431477 Pontão";1
"431480 Portão";9
"431490 Porto Alegre";311
"431500 Porto Lucena";1
"431515 Progresso";1
"431530 Quaraí";7
"431531 Quatro Irmãos";1
"431550 Restinga Seca";3
"431560 Rio Grande";51
"431570 Rio Pardo";13
"431580 Roca Sales";3
"431600 Rolante";2
"431630 Roque Gonzales";2
"431640 Rosário do Sul";4
"431642 Sagrada Família";1
"431645 Salto do Jacuí";4
"431660 Sananduva";2
"431710 Sant'Ana do Livramento";18
"431670 Santa Bárbara do Sul";1
"431680 Santa Cruz do Sul";27
"431690 Santa Maria";54
"431695 Santa Maria do Herval";1
"431720 Santa Rosa";10
"431730 Santa Vitória do Palmar";4
"431700 Santana da Boa Vista";1
"431740 Santiago";2
"431750 Santo Ângelo";12
"431760 Santo Antônio da Patrulha";5
"431770 Santo Antônio das Missões";1
"431780 Santo Augusto";2
"431800 São Borja";9
"431820 São Francisco de Paula";2
"431830 São Gabriel";5
"431840 São Jerônimo";3
"431850 São José do Norte";7
"431860 São José do Ouro";1
"431862 São José dos Ausentes";1
"431870 São Leopoldo";52
"431880 São Lourenço do Sul";2
"431890 São Luiz Gonzaga";10
"431900 São Marcos";6
"431915 São Miguel das Missões";1
"431940 São Pedro do Sul";2
"431950 São Sebastião do Caí";4
"431960 São Sepé";4
"431971 São Valentim do Sul";1
"431980 São Vicente do Sul";1
"431990 Sapiranga";15
"432000 Sapucaia do Sul";25
"432010 Sarandi";2
"432020 Seberi";3
"432023 Sede Nova";1
"432026 Segredo";4
"432040 Serafina Corrêa";2
"432055 Sertão Santana";1
"432067 Sinimbu";3
"432070 Sobradinho";2
"432080 Soledade";7
"432090 Tapejara";3
"432110 Tapes";7
"432120 Taquara";6
"432130 Taquari";3
"432132 Taquaruçu do Sul";1
"432135 Tavares";5
"432140 Tenente Portela";2
"432143 Terra de Areia";1
"432145 Teutônia";3
"432147 Tiradentes do Sul";2
"432150 Torres";5
"432160 Tramandaí";10
"432166 Três Cachoeiras";1
"432170 Três Coroas";3
"432180 Três de Maio";2
"432185 Três Palmeiras";1
"432190 Três Passos";4
"432195 Trindade do Sul";3
"432200 Triunfo";8
"432210 Tucunduva";1
"432220 Tupanciretã";2
"432240 Uruguaiana";20
"432250 Vacaria";14
"432253 Vale do Sol";1
"432252 Vale Verde";1
"432260 Venâncio Aires";12
"432270 Vera Cruz";3
"432280 Veranópolis";3
"432300 Viamão";80
"432350 Vista Alegre";2
"432375 Vitória das Missões";1
"432380 Xangri-lá";3
"500020 Água Clara";3
"500060 Amambai";10
"500070 Anastácio";3
"500080 Anaurilândia";1
"500085 Angélica";2
"500090 Antônio João";6
"500100 Aparecida do Taboado";8
"500110 Aquidauana";8
"500124 Aral Moreira";1
"500150 Bandeirantes";1
"500190 Bataguassu";2
"500210 Bela Vista";6
"500215 Bodoquena";3
"500220 Bonito";1
"500230 Brasilândia";4
"500240 Caarapó";8
"500260 Camapuã";4
"500270 Campo Grande";139
"500290 Cassilândia";2
"500295 Chapadão do Sul";5
"500310 Corguinho";1
"500315 Coronel Sapucaia";17
"500320 Corumbá";20
"500325 Costa Rica";3
"500330 Coxim";8
"500345 Deodápolis";3
"500348 Dois Irmãos do Buriti";4
"500370 Dourados";45
"500375 Eldorado";1
"500380 Fátima do Sul";1
"500390 Figueirão";1
"500430 Iguatemi";3
"500440 Inocência";2
"500450 Itaporã";2
"500460 Itaquiraí";6
"500470 Ivinhema";3
"500480 Japorã";2
"500500 Jardim";3
"500515 Juti";3
"500520 Ladário";6
"500540 Maracaju";6
"500560 Miranda";1
"500568 Mundo Novo";5
"500570 Naviraí";8
"500580 Nioaque";1
"500600 Nova Alvorada do Sul";3
"500620 Nova Andradina";3
"500625 Novo Horizonte do Sul";1
"500630 Paranaíba";5
"500635 Paranhos";3
"500660 Ponta Porã";39
"500690 Porto Murtinho";2
"500720 Rio Brilhante";7
"500740 Rio Verde de Mato Grosso";3
"500769 São Gabriel do Oeste";4
"500780 Selvíria";1
"500770 Sete Quedas";1
"500790 Sidrolândia";6
"500793 Sonora";4
"500795 Tacuru";4
"500797 Taquarussu";1
"500800 Terenos";2
"500830 Três Lagoas";16
"510010 Acorizal";1
"510020 Água Boa";2
"510025 Alta Floresta";12
"510030 Alto Araguaia";4
"510040 Alto Garças";1
"510050 Alto Paraguai";11
"510060 Alto Taquari";4
"510080 Apiacás";1
"510100 Araguaiana";1
"510125 Araputanga";5
"510130 Arenápolis";11
"510140 Aripuanã";20
"510170 Barra do Bugres";3
"510180 Barra do Garças";7
"510185 Bom Jesus do Araguaia";3
"510190 Brasnorte";11
"510250 Cáceres";22
"510260 Campinápolis";1
"510263 Campo Novo do Parecis";10
"510267 Campo Verde";4
"510268 Campos de Júlio";2
"510269 Canabrava do Norte";4
"510270 Canarana";7
"510279 Carlinda";5
"510285 Castanheira";5
"510300 Chapada dos Guimarães";2
"510305 Cláudia";3
"510310 Cocalinho";4
"510320 Colíder";13
"510325 Colniza";27
"510330 Comodoro";10
"510335 Confresa";11
"510337 Cotriguaçu";3
"510340 Cuiabá";120
"510350 Diamantino";18
"510360 Dom Aquino";1
"510370 Feliz Natal";2
"510385 Gaúcha do Norte";1
"510395 Glória D'Oeste";1
"510410 Guarantã do Norte";10
"510420 Guiratinga";2
"510450 Indiavaí";1
"510452 Ipiranga do Norte";2
"510454 Itanhangá";3
"510460 Itiquira";3
"510480 Jaciara";14
"510490 Jangada";2
"510510 Juara";8
"510515 Juína";13
"510517 Juruena";4
"510520 Juscimeira";2
"510525 Lucas do Rio Verde";22
"510530 Luciara";1
"510558 Marcelândia";1
"510560 Matupá";4
"510562 Mirassol d'Oeste";7
"510590 Nobres";8
"510600 Nortelândia";1
"510610 Nossa Senhora do Livramento";1
"510615 Nova Bandeirantes";4
"510620 Nova Brasilândia";2
"510621 Nova Canaã do Norte";5
"510880 Nova Guarita";2
"510618 Nova Lacerda";2
"510890 Nova Maringá";5
"510895 Nova Monte Verde";4
"510622 Nova Mutum";18
"510623 Nova Olímpia";7
"510624 Nova Ubiratã";6
"510625 Nova Xavantina";8
"510627 Novo Horizonte do Norte";1
"510626 Novo Mundo";2
"510629 Paranaíta";1
"510630 Paranatinga";7
"510637 Pedra Preta";8
"510642 Peixoto de Azevedo";29
"510645 Planalto da Serra";1
"510650 Poconé";9
"510665 Pontal do Araguaia";1
"510675 Pontes e Lacerda";26
"510677 Porto Alegre do Norte";3
"510680 Porto dos Gaúchos";1
"510682 Porto Esperidião";5
"510685 Porto Estrela";1
"510704 Primavera do Leste";28
"510706 Querência";8
"510715 Reserva do Cabaçal";1
"510718 Ribeirão Cascalheira";5
"510720 Rio Branco";1
"510760 Rondonópolis";52
"510770 Rosário Oeste";2
"510774 Santa Cruz do Xingu";1
"510777 Santa Terezinha";2
"510726 Santo Afonso";2
"510779 Santo Antônio do Leste";1
"510780 Santo Antônio do Leverger";3
"510785 São Félix do Araguaia";3
"510730 São José do Rio Claro";16
"510735 São José do Xingu";2
"510710 São José dos Quatro Marcos";4
"510740 São Pedro da Cipa";1
"510787 Sapezal";8
"510788 Serra Nova Dourada";1
"510790 Sinop";42
"510792 Sorriso";35
"510794 Tabaporã";2
"510795 Tangará da Serra";15
"510800 Tapurah";5
"510805 Terra Nova do Norte";2
"510820 Torixoréu";1
"510830 União do Sul";3
"510840 Várzea Grande";55
"510850 Vera";2
"510550 Vila Bela da Santíssima Trindade";6
"510860 Vila Rica";10
"510000 Município ignorado - MT";4
"520005 Abadia de Goiás";6
"520010 Abadiânia";4
"520013 Acreúna";6
"520015 Adelândia";2
"520017 Água Fria de Goiás";1
"520025 Águas Lindas de Goiás";49
"520030 Alexânia";4
"520050 Aloândia";1
"520055 Alto Horizonte";3
"520060 Alto Paraíso de Goiás";3
"520080 Alvorada do Norte";2
"520082 Amaralina";1
"520085 Americano do Brasil";1
"520110 Anápolis";85
"520130 Anicuns";4
"520140 Aparecida de Goiânia";195
"520170 Aragarças";7
"520180 Aragoiânia";2
"520235 Arenópolis";1
"520250 Aruanã";5
"520310 Baliza";2
"520330 Bela Vista de Goiás";11
"520340 Bom Jardim de Goiás";1
"520350 Bom Jesus de Goiás";15
"520355 Bonfinópolis";6
"520357 Bonópolis";1
"520360 Brazabrantes";2
"520380 Britânia";3
"520390 Buriti Alegre";3
"520393 Buriti de Goiás";2
"520396 Buritinópolis";2
"520400 Cabeceiras";4
"520425 Cachoeira Dourada";1
"520430 Caçu";1
"520440 Caiapônia";7
"520450 Caldas Novas";35
"520455 Caldazinha";1
"520460 Campestre de Goiás";1
"520465 Campinaçu";1
"520470 Campinorte";4
"520480 Campo Alegre de Goiás";2
"520485 Campo Limpo de Goiás";4
"520490 Campos Belos";6
"520495 Campos Verdes";2
"520500 Carmo do Rio Verde";6
"520510 Catalão";12
"520540 Ceres";2
"520545 Cezarina";3
"520547 Chapadão do Céu";3
"520549 Cidade Ocidental";30
"520551 Cocalzinho de Goiás";7
"520552 Colinas do Sul";1
"520580 Corumbá de Goiás";2
"520590 Corumbaíba";4
"520620 Cristalina";25
"520630 Cristianópolis";2
"520640 Crixás";4
"520660 Cumari";2
"520680 Damolândia";1
"520710 Diorama";1
"520725 Doverlândia";2
"520740 Edéia";5
"520750 Estrela do Norte";1
"520753 Faina";2
"520780 Firminópolis";2
"520790 Flores de Goiás";4
"520800 Formosa";49
"520815 Gameleira de Goiás";1
"520840 Goianápolis";5
"520860 Goianésia";13
"520870 Goiânia";381
"520880 Goianira";21
"520890 Goiás";2
"520910 Goiatuba";6
"520915 Gouvelândia";2
"520920 Guapó";3
"520940 Guarani de Goiás";1
"520970 Hidrolândia";12
"520980 Hidrolina";1
"520990 Iaciara";4
"520993 Inaciolândia";2
"520995 Indiara";4
"521000 Inhumas";16
"521010 Ipameri";8
"521020 Iporá";5
"521040 Itaberaí";13
"521056 Itaguari";1
"521060 Itaguaru";1
"521090 Itapaci";6
"521100 Itapirapuã";4
"521120 Itapuranga";6
"521130 Itarumã";2
"521150 Itumbiara";35
"521170 Jandaia";1
"521180 Jaraguá";23
"521190 Jataí";20
"521210 Joviânia";2
"521220 Jussara";3
"521230 Leopoldo de Bulhões";3
"521250 Luziânia";83
"521260 Mairipotaba";1
"521270 Mambaí";3
"521280 Mara Rosa";4
"521290 Marzagão";2
"521300 Maurilândia";5
"521308 Minaçu";4
"521310 Mineiros";13
"521370 Montes Claros de Goiás";2
"521375 Montividiu";5
"521380 Morrinhos";9
"521400 Mozarlândia";11
"521405 Mundo Novo";1
"521410 Mutunópolis";1
"521440 Nazário";5
"521450 Nerópolis";16
"521460 Niquelândia";12
"521483 Nova Crixás";7
"521486 Nova Glória";4
"521490 Nova Roma";2
"521500 Nova Veneza";1
"521520 Novo Brasil";1
"521523 Novo Gama";39
"521525 Novo Planalto";1
"521530 Orizona";1
"521540 Ouro Verde de Goiás";2
"521560 Padre Bernardo";8
"521570 Palmeiras de Goiás";6
"521600 Panamá";1
"521630 Paranaiguara";3
"521640 Paraúna";5
"521645 Perolândia";2
"521690 Pilar de Goiás";1
"521710 Piracanjuba";12
"521730 Pirenópolis";12
"521740 Pires do Rio";7
"521760 Planaltina";38
"521770 Pontalina";8
"521800 Porangatu";8
"521805 Porteirão";1
"521810 Portelândia";3
"521830 Posse";6
"521839 Professor Jamil";2
"521850 Quirinópolis";9
"521860 Rialma";7
"521870 Rianápolis";3
"521880 Rio Verde";38
"521890 Rubiataba";2
"521910 Santa Bárbara de Goiás";3
"521925 Santa Fé de Goiás";1
"521930 Santa Helena de Goiás";5
"521940 Santa Rita do Araguaia";1
"521970 Santa Terezinha de Goiás";2
"521973 Santo Antônio de Goiás";1
"521975 Santo Antônio do Descoberto";30
"521990 São Francisco de Goiás";1
"522000 São João d'Aliança";3
"522005 São João da Paraúna";1
"522010 São Luís de Montes Belos";17
"522015 São Luíz do Norte";1
"522020 São Miguel do Araguaia";6
"522026 São Miguel do Passa Quatro";6
"522028 São Patrício";2
"522040 São Simão";2
"522045 Senador Canedo";53
"522060 Silvânia";5
"522100 Taquaral de Goiás";1
"522130 Três Ranchos";2
"522140 Trindade";66
"522145 Trombas";1
"522150 Turvânia";1
"522155 Turvelândia";1
"522157 Uirapuru";1
"522160 Uruaçu";10
"522170 Uruana";7
"522185 Valparaíso de Goiás";51
"522190 Varjão";3
"522200 Vianópolis";2
"522205 Vicentinópolis";2
"522220 Vila Boa";5
"520000 Município ignorado - GO";27
"530010 Brasília";442
"Total";47680
&